,CLOSER_NAME,CALL_YEAR_MONTH,CALL_BOOKED,ADMIN_CANCEL,CANCEL_NURTURE,CANCEL_NOT_INTEREST,TOTAL_CANCEL,NO_SHOW,STRTGY_CALL_SHW,LOST,SALE,AVG_VALUE,CASH_COLLECTED
52,Kevin Hu,2026-10-01,1,0,0,1,1,0,0,0,0,,
104,JT Atwal,2026-10-01,2,0,0,0,0,0,2,0,0,,
120,Lucija Bitunjac,2026-10-01,2,0,0,1,1,0,1,0,0,,
83,Jordon Eggleston,2026-10-01,1,0,0,1,1,0,0,0,0,,
81,Kaisher von Wahl,2026-10-01,1,0,0,0,0,1,0,0,0,,
10,Sabre Schimpf,2026-10-01,1,0,0,0,0,0,1,0,0,,
38,Gregory Auguste,2026-10-01,1,0,1,0,1,0,0,0,0,,
29,Paul Patlur,2026-09-01,9,1,1,1,3,5,1,0,0,,
30,Enzo Missio,2026-09-01,14,0,0,2,2,3,9,0,0,,
31,Hector Salgado,2026-09-01,1,0,0,0,0,0,1,0,1,9000,6847.7
32,Kaisher von Wahl,2026-09-01,18,0,0,1,1,5,12,1,0,7000,500
76,Gregory Auguste,2026-09-01,32,1,0,4,5,11,16,0,1,6000,4999
73,Jordon Eggleston,2026-09-01,33,0,1,6,7,6,20,0,0,23000,1000
121,Monisha Murugan,2026-09-01,1,0,0,0,0,0,1,0,0,,
24,Peter Kovac,2026-09-01,22,2,0,2,4,11,7,0,0,9000,6847.7
67,Gracie Schulte,2026-09-01,1,0,0,0,0,0,1,0,0,,
62,Josh Astle,2026-09-01,44,0,0,2,2,16,26,1,0,,
1,PJ Jensen,2026-09-01,42,0,1,1,2,10,30,0,1,7000,400
59,Abigail Nolasco,2026-09-01,34,3,0,0,3,11,20,0,2,,
57,Kevin Hu,2026-09-01,21,0,0,1,1,7,13,0,0,20000,7500
56,Jimmy Lartigue,2026-09-01,17,1,0,0,1,9,7,0,0,,
48,Lucija Bitunjac,2026-09-01,21,0,0,0,0,6,15,0,0,,
55,Andrew Maksymchuk,2026-09-01,15,0,0,0,0,11,4,1,0,,
72,Brian Chiundah,2026-09-01,10,0,0,1,1,5,4,0,0,,
26,Jason Minor,2026-09-01,26,0,0,0,0,13,13,0,0,,
15,Bron Novak,2026-09-01,19,0,0,0,0,8,11,0,0,,
12,Ricardo Niño,2026-09-01,34,0,0,2,2,16,16,0,0,,
112,Olivier Auguste,2026-09-01,1,0,0,0,0,0,1,0,0,,
4,JT Atwal,2026-09-01,22,0,0,2,2,9,11,0,0,,
21,Paul Furtuna,2026-09-01,4,0,0,1,1,3,0,0,0,,
95,Shawn Bray,2026-09-01,26,1,0,1,2,7,17,0,2,2000,3900
18,Sabre Schimpf,2026-09-01,10,0,0,0,0,4,6,0,1,,
6,Michael Mkrtichyan,2026-09-01,12,0,0,2,2,5,5,0,0,,
107,Nick Nuaym,2026-09-01,19,0,0,0,0,7,12,0,0,,
9,Vincent Forte,2026-09-01,5,0,0,0,0,1,4,0,0,,
54,Olivier Auguste,2026-08-01,13,2,0,0,2,8,3,0,0,2437,4874
110,Kevin Hu,2026-08-01,40,1,1,0,2,11,27,0,0,21500,26840
106,Andrew Maksymchuk,2026-08-01,28,7,1,1,9,9,10,2,0,,
63,Bron Novak,2026-08-01,25,4,0,0,4,6,15,0,0,,
105,Nick Nuaym,2026-08-01,40,1,0,0,1,22,17,0,0,7000,100
89,Christopher Garzon,2026-08-01,7,0,0,0,0,2,5,0,2,13000,11000
103,Jordon Eggleston,2026-08-01,49,3,0,0,3,15,31,0,1,10538.88,19311
92,Peter Kovac,2026-08-01,39,3,2,1,6,10,23,1,0,,
74,Lucija Bitunjac,2026-08-01,41,4,0,2,6,18,17,1,0,,
102,Enzo Missio,2026-08-01,32,1,0,0,1,9,22,0,0,21000,42000
79,Michael Mkrtichyan,2026-08-01,6,0,0,0,0,1,5,1,0,,
101,Gregory Auguste,2026-08-01,64,4,1,2,7,15,42,1,2,11166.67,13100
100,Shawn Bray,2026-08-01,17,2,1,1,4,3,10,0,0,,
93,Abigail Nolasco,2026-08-01,39,5,1,1,7,13,19,0,1,22500,18000
86,Patricia Carroll,2026-08-01,1,0,0,0,0,1,0,0,0,,
88,PJ Jensen,2026-08-01,64,2,1,0,3,12,49,0,2,12500,2400
53,Paul Patlur,2026-08-01,1,0,0,0,0,1,0,0,0,,
61,Kaisher von Wahl,2026-08-01,11,0,0,1,1,0,10,0,0,7000,500
36,Ricardo Niño,2026-08-01,5,0,0,0,0,0,5,0,0,,
41,Cody Guevara,2026-08-01,42,5,0,3,8,12,22,1,0,6500,10600
49,Jason Minor,2026-08-01,10,0,0,0,0,5,5,0,0,,
34,Anna Schenk,2026-08-01,3,0,0,0,0,1,2,0,0,,
46,Josh Astle,2026-08-01,25,1,0,0,1,6,18,0,2,7000,200
14,Irtaza Hussain,2026-08-01,24,3,1,0,4,8,12,0,0,,
45,Paul Furtuna,2026-08-01,47,3,0,2,5,20,22,0,1,20000,5000
5,Zan Strmec,2026-08-01,8,2,0,0,2,3,3,0,0,,
43,Hayden Poulter,2026-08-01,20,2,0,0,2,6,12,0,0,17700,52087.5
82,Kaisher von Wahl,2026-07-01,1,0,0,0,0,0,1,0,0,,
109,Hayden Poulter,2026-07-01,13,3,0,1,4,3,6,0,1,15333.33,15200
8,Josh Astle,2026-07-01,12,1,0,0,1,3,8,0,0,,
27,Enzo Missio,2026-07-01,19,3,1,1,5,2,12,0,0,15000,14625
25,Jordon Eggleston,2026-07-01,25,6,3,0,9,1,15,1,2,17333.33,2000
23,Ryan Oprea,2026-07-01,1,0,0,0,0,0,1,0,0,13000,6760
90,Peter Kovac,2026-07-01,26,1,2,0,3,8,15,0,1,20500,11380
91,Aidan Small,2026-07-01,1,0,0,0,0,1,0,0,0,,
35,Bron Novak,2026-07-01,4,0,0,0,0,0,4,0,0,,
94,Gregory Auguste,2026-07-01,23,0,0,3,3,9,11,0,0,,
20,Diana Kazumyan,2026-07-01,2,0,0,0,0,2,0,0,0,,
13,Irtaza Hussain,2026-07-01,22,1,0,1,2,10,10,0,0,12135,5719.55
16,PJ Jensen,2026-07-01,21,0,1,0,1,6,14,0,0,16500,15980
111,Lucija Bitunjac,2026-07-01,12,0,0,0,0,1,11,0,0,14500,5861.0997
51,Christopher Garzon,2026-07-01,1,0,0,0,0,0,1,0,0,14000,1000
99,Kendall Wallace,2026-07-01,1,0,0,0,0,0,1,0,0,,
75,Nick Nuaym,2026-07-01,14,1,0,0,1,3,10,0,0,22000,47850
114,Abigail Nolasco,2026-07-01,10,0,0,0,0,4,6,0,0,,
39,Om Gaikhe,2026-07-01,1,0,0,0,0,0,1,0,0,,
115,Cody Guevara,2026-07-01,7,0,0,0,0,0,7,0,0,25000,13000
60,Olivier Auguste,2026-07-01,9,0,0,0,0,1,8,0,2,20000,5000
44,Kevin Hu,2026-07-01,8,0,0,0,0,1,7,0,1,22000,11440
70,Bret Mavrich,2026-07-01,1,0,0,0,0,1,0,0,0,,
42,Mahmoud Toblany,2026-07-01,10,1,0,0,1,5,4,0,0,13000,6760
68,Ninad Magdum,2026-07-01,1,0,0,0,0,0,1,0,0,,
66,Zan Strmec,2026-07-01,1,0,0,0,0,0,1,0,0,,
65,Shawn Bray,2026-07-01,4,0,0,0,0,4,0,0,0,,
11,Kaisher von Wahl,2026-06-01,1,0,0,0,0,0,1,0,0,,
2,Monica Benish,2026-06-01,3,0,0,0,0,0,3,0,0,,
119,Kendall Wallace,2026-06-01,2,0,0,0,0,1,1,0,0,,
113,Irtaza Hussain,2026-06-01,11,0,0,0,0,5,6,0,0,,
118,Yash Kantharia,2026-06-01,2,0,0,0,0,0,2,0,0,,
3,Josh Astle,2026-06-01,4,0,0,0,0,1,3,0,1,13000,6760
7,Diana Kazumyan,2026-06-01,1,0,0,0,0,1,0,0,0,,
108,Jordon Eggleston,2026-06-01,3,0,0,0,0,2,1,0,0,,
116,Abigail Nolasco,2026-06-01,3,0,0,0,0,1,2,0,0,,
17,Hayden Poulter,2026-06-01,5,1,0,0,1,0,4,0,0,16500,13000
117,Hector Salgado,2026-06-01,2,0,0,0,0,0,2,0,0,,
87,Gregory Auguste,2026-06-01,1,0,0,0,0,0,1,0,0,,
19,Mahmoud Toblany,2026-06-01,3,0,0,0,0,0,3,0,0,,
78,Stefan Lojanicic,2026-06-01,1,0,0,0,0,0,1,0,0,,
47,Thiago Martins,2026-06-01,1,0,0,0,0,0,1,0,0,,
58,Aly Samaha,2026-06-01,4,0,0,0,0,0,4,0,0,,
64,Mike Miro,2026-06-01,2,0,0,0,0,0,2,0,0,,
69,Bret Mavrich,2026-06-01,1,0,0,0,0,0,1,0,0,,
71,Rachel Droege,2026-06-01,1,0,0,0,0,0,1,0,1,,
40,Neha Bohra,2026-06-01,2,0,0,0,0,0,2,0,0,,
37,Nick Nuaym,2026-06-01,1,0,0,0,0,1,0,0,0,,
77,Afnan Saeed,2026-06-01,5,0,0,0,0,0,5,0,4,20000,1000
80,Peter Kovac,2026-06-01,2,0,0,0,0,0,2,0,0,,
98,Bron Novak,2026-06-01,2,0,0,0,0,0,2,0,0,,
33,Enzo Missio,2026-06-01,8,0,0,0,0,2,6,0,0,17000,17000
84,Rade Petrovic,2026-06-01,2,0,0,0,0,0,2,0,0,,
85,Osaki Pokima,2026-06-01,1,0,0,0,0,0,1,0,0,,
28,Olivier Auguste,2026-06-01,7,0,0,1,1,1,5,0,2,15000,0
50,Kevin Hu,2026-06-01,6,0,0,0,0,0,6,0,0,,
22,Aidan Small,2026-06-01,1,0,0,0,0,0,1,0,0,,
96,PJ Jensen,2026-06-01,11,0,1,0,1,0,10,0,0,7333.33,18500
97,Om Gaikhe,2026-06-01,3,0,0,0,0,0,3,0,0,,
0,Christopher Garzon,2026-06-01,11,0,0,0,0,0,11,0,3,,
