,TRIAGE_DATE,SETTER,INBOUND_BOOKED,INBOUND_TAKEN,SHOW_RATE,TRIAGE_SET_RATE,STRATEGY_CALL_BOOKED,STRATEGY_CALL_TAKEN,OFFER_RATE,TOTAL_SALES,SALE_RATE,AVERAGE_ORDER_VALUE
258,2026-10-01,ricardon@dataengineeracademy.com,1,1,100,0,0,0,,0,,
62,2026-09-30,miguelromero@dataengineeracademy.com,1,0,0,,0,0,,0,,
12,2026-09-29,regev@dataengineeracademy.com,1,0,0,,0,0,,0,,
47,2026-09-27,joaquinjaimes@dataengineeracademy.com,1,0,0,,0,0,,0,,
191,2026-09-22,miguelromero@dataengineeracademy.com,1,0,0,,0,0,,0,,
232,2026-09-22,shawnb@dataengineeracademy.com,1,0,0,,0,0,,0,,
207,2026-09-22,joaquinjaimes@dataengineeracademy.com,2,0,0,,0,0,,0,,
318,2026-09-21,regev@dataengineeracademy.com,1,1,100,100,1,1,100,0,0,
281,2026-09-19,regev@dataengineeracademy.com,1,0,0,,0,0,,0,,
173,2026-09-19,joaquinjaimes@dataengineeracademy.com,1,0,0,,0,0,,0,,
97,2026-09-18,nikoloztkhilishvili@dataengineeracademy.com,1,1,100,100,1,0,,0,,
151,2026-09-18,chrisblanchette@dataengineeracademy.com,1,0,0,,0,0,,0,,
193,2026-09-16,joaquinjaimes@dataengineeracademy.com,1,1,100,0,0,0,,0,,
128,2026-09-15,brianch@dataengineeracademy.com,2,1,50,100,1,1,100,0,0,
367,2026-09-15,regev@dataengineeracademy.com,1,0,0,,0,0,,0,,
29,2026-09-14,vincentforte@dataengineeracademy.com,1,1,100,100,1,1,100,1,100,9000
307,2026-09-14,brianch@dataengineeracademy.com,2,0,0,,0,0,,0,,
334,2026-09-14,mariaalviso@dataengineeracademy.com,1,1,100,100,1,1,0,0,0,
241,2026-09-12,vincentforte@dataengineeracademy.com,1,0,0,,0,0,,0,,
391,2026-09-12,chrisblanchette@dataengineeracademy.com,1,1,100,0,0,0,,0,,
253,2026-09-12,brianch@dataengineeracademy.com,1,0,0,,0,0,,0,,
25,2026-09-11,joaquinjaimes@dataengineeracademy.com,1,0,0,,0,0,,0,,
345,2026-09-11,brianch@dataengineeracademy.com,2,1,50,100,1,0,,0,,
95,2026-09-11,vincentforte@dataengineeracademy.com,1,0,0,,0,0,,0,,
146,2026-09-11,chrisblanchette@dataengineeracademy.com,1,1,100,100,1,1,0,0,0,
240,2026-09-11,jimmyl@dataengineeracademy.com,1,0,0,,0,0,,0,,
66,2026-09-10,regev@dataengineeracademy.com,1,0,0,,0,0,,0,,
159,2026-09-10,brianch@dataengineeracademy.com,1,1,100,0,0,0,,0,,
225,2026-09-10,chrisblanchette@dataengineeracademy.com,1,0,0,,0,0,,0,,
346,2026-09-09,jimmyl@dataengineeracademy.com,1,0,0,,0,0,,0,,
185,2026-09-08,mariaalviso@dataengineeracademy.com,1,1,100,0,0,0,,0,,
41,2026-09-08,regev@dataengineeracademy.com,1,0,0,,0,0,,0,,
174,2026-09-08,chrisblanchette@dataengineeracademy.com,2,2,100,50,1,1,0,0,0,
197,2026-09-07,gregory@dataengineeracademy.com,3,1,33.3,0,0,0,,0,,
63,2026-09-06,nikoloztkhilishvili@dataengineeracademy.com,2,2,100,50,1,1,100,0,0,
205,2026-09-05,miguelromero@dataengineeracademy.com,1,0,0,,0,0,,0,,
347,2026-09-05,regev@dataengineeracademy.com,1,1,100,0,0,0,,0,,
75,2026-09-04,cosminandronic@dataengineeracademy.com,1,1,100,100,1,1,100,1,100,9000
368,2026-09-04,dragosf@dataengineeracademy.com,2,1,50,0,0,0,,0,,
228,2026-09-04,chrisblanchette@dataengineeracademy.com,2,2,100,50,1,1,100,0,0,
82,2026-09-03,dragosf@dataengineeracademy.com,2,1,50,100,1,1,100,0,0,
189,2026-09-03,chrisblanchette@dataengineeracademy.com,1,1,100,0,0,0,,0,,
310,2026-09-03,gregory@dataengineeracademy.com,1,0,0,,0,0,,0,,
46,2026-09-03,regev@dataengineeracademy.com,1,1,100,100,1,1,100,1,100,20000
267,2026-09-02,chrisblanchette@dataengineeracademy.com,1,0,0,,0,0,,0,,
92,2026-09-02,prashantgovil@dataengineeracademy.com,1,1,100,100,1,0,,0,,
112,2026-09-02,gregory@dataengineeracademy.com,3,0,0,,0,0,,0,,
141,2026-09-02,miguelromero@dataengineeracademy.com,1,0,0,,0,0,,0,,
329,2026-09-02,dragosf@dataengineeracademy.com,2,0,0,,0,0,,0,,
373,2026-09-01,jtatwal@dataengineeracademy.com,1,0,0,,0,0,,0,,
388,2026-09-01,dragosf@dataengineeracademy.com,2,2,100,0,0,0,,0,,
327,2026-09-01,nikoloztkhilishvili@dataengineeracademy.com,1,0,0,,0,0,,0,,
55,2026-09-01,gregory@dataengineeracademy.com,2,0,0,,0,0,,0,,
393,2026-09-01,joaquinjaimes@dataengineeracademy.com,1,1,100,0,0,0,,0,,
183,2026-09-01,basel@dataengineeracademy.com,2,2,100,0,0,0,,0,,
290,2026-09-01,chrisblanchette@dataengineeracademy.com,3,2,66.7,50,1,1,0,0,0,
272,2026-08-31,regev@dataengineeracademy.com,1,0,0,,0,0,,0,,
338,2026-08-31,chrisblanchette@dataengineeracademy.com,1,1,100,100,1,1,100,0,0,
44,2026-08-29,chrisblanchette@dataengineeracademy.com,1,0,0,,0,0,,0,,
69,2026-08-29,miguelromero@dataengineeracademy.com,1,0,0,,0,0,,0,,
274,2026-08-29,gregory@dataengineeracademy.com,1,0,0,,0,0,,0,,
324,2026-08-28,joaquinjaimes@dataengineeracademy.com,1,1,100,0,0,0,,0,,
355,2026-08-28,gregory@dataengineeracademy.com,4,1,25,0,0,0,,0,,
162,2026-08-28,miguelromero@dataengineeracademy.com,2,1,50,100,1,1,100,0,0,
49,2026-08-28,chrisblanchette@dataengineeracademy.com,1,0,0,,0,0,,0,,
282,2026-08-27,jasonm@dataengineeracademy.com,1,1,100,0,0,0,,0,,
142,2026-08-27,kaisher@dataengineeracademy.com,1,0,0,,0,0,,0,,
88,2026-08-27,chrisblanchette@dataengineeracademy.com,2,1,50,0,0,0,,0,,
68,2026-08-27,gregory@dataengineeracademy.com,2,0,0,,0,0,,0,,
276,2026-08-27,joaquinjaimes@dataengineeracademy.com,1,1,100,0,0,0,,0,,
361,2026-08-26,gregory@dataengineeracademy.com,3,2,66.7,0,0,0,,0,,
181,2026-08-26,miguelromero@dataengineeracademy.com,1,0,0,,0,0,,0,,
371,2026-08-26,ricardon@dataengineeracademy.com,1,1,100,100,1,1,100,0,0,
311,2026-08-26,lucija@dataengineeracademy.com,1,1,100,0,0,0,,0,,
312,2026-08-26,chrisblanchette@dataengineeracademy.com,1,1,100,100,1,0,,0,,
211,2026-08-26,paulpatlur@dataengineeracademy.com,3,1,33.3,0,0,0,,0,,
70,2026-08-26,kaisher@dataengineeracademy.com,1,0,0,,0,0,,0,,
279,2026-08-26,michael@dataengineeracademy.com,1,1,100,100,1,1,100,0,0,
275,2026-08-26,zan@dataengineeracademy.com,2,1,50,100,1,1,100,0,0,
304,2026-08-25,michael@dataengineeracademy.com,1,1,100,0,0,0,,0,,
298,2026-08-25,miguelromero@dataengineeracademy.com,1,0,0,,0,0,,0,,
323,2026-08-25,gregory@dataengineeracademy.com,1,0,0,,0,0,,0,,
125,2026-08-25,zan@dataengineeracademy.com,1,0,0,,0,0,,0,,
357,2026-08-25,chrisblanchette@dataengineeracademy.com,3,2,66.7,100,2,0,,0,,
194,2026-08-24,chrisblanchette@dataengineeracademy.com,2,1,50,100,1,0,,0,,
300,2026-08-24,gregory@dataengineeracademy.com,3,0,0,,0,0,,0,,
364,2026-08-24,regev@dataengineeracademy.com,1,1,100,100,1,1,0,0,0,
102,2026-08-23,miguelromero@dataengineeracademy.com,1,1,100,0,0,0,,0,,
87,2026-08-22,chrisblanchette@dataengineeracademy.com,1,1,100,100,1,0,,0,,
9,2026-08-21,chrisblanchette@dataengineeracademy.com,2,2,100,100,2,1,100,0,0,
390,2026-08-20,chrisblanchette@dataengineeracademy.com,1,1,100,100,1,1,0,0,0,
215,2026-08-19,chrisblanchette@dataengineeracademy.com,2,1,50,100,1,1,0,0,0,
6,2026-08-19,melissa@dataengineeracademy.com,1,0,0,,0,0,,0,,
196,2026-08-19,zan@dataengineeracademy.com,4,1,25,100,1,1,100,0,0,
149,2026-08-19,andrewm@dataengineeracademy.com,1,0,0,,0,0,,0,,
170,2026-08-19,joaquinjaimes@dataengineeracademy.com,1,0,0,,0,0,,0,,
67,2026-08-19,regev@dataengineeracademy.com,3,0,0,,0,0,,0,,
320,2026-08-19,miguelromero@dataengineeracademy.com,2,1,50,100,1,1,0,0,0,
65,2026-08-19,nikoloztkhilishvili@dataengineeracademy.com,1,0,0,,0,0,,0,,
11,2026-08-19,michael@dataengineeracademy.com,1,0,0,,0,0,,0,,
83,2026-08-19,bron@dataengineeracademy.com,2,0,0,,0,0,,0,,
283,2026-08-18,andrez@dataengineeracademy.com,1,0,0,,0,0,,0,,
17,2026-08-18,chris@dataengineeracademy.com,3,0,0,,0,0,,0,,
286,2026-08-18,ricardon@dataengineeracademy.com,1,0,0,,0,0,,0,,
140,2026-08-18,joaquinjaimes@dataengineeracademy.com,2,1,50,100,1,1,0,0,0,
72,2026-08-18,muhammadzubair@dataengineeracademy.com,1,0,0,,0,0,,0,,
235,2026-08-18,chrisblanchette@dataengineeracademy.com,2,2,100,100,2,2,100,1,50,12000
292,2026-08-18,zan@dataengineeracademy.com,1,0,0,,0,0,,0,,
13,2026-08-18,andrewm@dataengineeracademy.com,1,1,100,100,1,0,,0,,
227,2026-08-17,nikoloztkhilishvili@dataengineeracademy.com,2,2,100,100,2,1,100,0,0,
349,2026-08-17,zan@dataengineeracademy.com,1,1,100,100,1,1,0,0,0,
154,2026-08-17,miguelromero@dataengineeracademy.com,5,3,60,100,3,1,100,0,0,
155,2026-08-17,chrisblanchette@dataengineeracademy.com,2,1,50,100,1,0,,0,,
126,2026-08-16,andrewm@dataengineeracademy.com,1,0,0,,0,0,,0,,
27,2026-08-16,miguelromero@dataengineeracademy.com,3,0,0,,0,0,,0,,
165,2026-08-16,ricardon@dataengineeracademy.com,1,1,100,100,1,0,,0,,
73,2026-08-16,chrisblanchette@dataengineeracademy.com,1,0,0,,0,0,,0,,
158,2026-08-16,alejandro@dataengineeracademy.com,2,0,0,,0,0,,0,,
293,2026-08-15,muhammadzubair@dataengineeracademy.com,3,0,0,,0,0,,0,,
359,2026-08-15,chrismbollo@dataengineeracademy.com,3,2,66.7,50,1,0,,0,,
74,2026-08-15,mikemorel@dataengineeracademy.com,2,0,0,,0,0,,0,,
294,2026-08-15,chris@dataengineeracademy.com,5,1,20,0,0,0,,0,,
250,2026-08-15,joaquinjaimes@dataengineeracademy.com,8,4,50,75,3,0,,0,,
248,2026-08-15,cosminandronic@dataengineeracademy.com,3,1,33.3,100,1,1,100,0,0,
296,2026-08-15,safey@dataengineeracademy.com,18,6,33.3,33.3,2,0,,0,,
354,2026-08-15,chrisblanchette@dataengineeracademy.com,17,6,35.3,100,6,5,40,0,0,
14,2026-08-15,mike@dataengineeracademy.com,11,5,45.5,20,1,0,,0,,
302,2026-08-15,andrewm@dataengineeracademy.com,4,0,0,,0,0,,0,,
246,2026-08-15,rileycole@dataengineeracademy.com,13,0,0,,0,0,,0,,
132,2026-08-15,anastasjias@dataengineeracademy.com,4,3,75,66.7,2,0,,0,,
168,2026-08-15,ricardon@dataengineeracademy.com,5,4,80,50,2,0,,0,,
291,2026-08-15,zan@dataengineeracademy.com,54,12,22.2,66.7,8,3,66.7,0,0,
93,2026-08-15,regev@dataengineeracademy.com,1,1,100,0,0,0,,0,,
341,2026-08-15,michael@dataengineeracademy.com,1,0,0,,0,0,,0,,
360,2026-08-15,melissa@dataengineeracademy.com,5,0,0,,0,0,,0,,
1,2026-08-15,zalan@dataengineeracademy.com,1,1,100,100,1,0,,0,,
200,2026-08-15,nikoloztkhilishvili@dataengineeracademy.com,11,7,63.6,57.1,4,2,50,0,0,
198,2026-08-15,gregory@dataengineeracademy.com,50,23,46,60.9,14,4,75,0,0,
309,2026-08-15,johann@dataengineeracademy.com,7,6,85.7,33.3,2,0,,0,,
108,2026-08-15,miguelromero@dataengineeracademy.com,60,12,20,25,3,2,100,0,0,
266,2026-08-15,shakil@dataengineeracademy.com,1,1,100,100,1,0,,0,,
382,2026-08-15,lucija@dataengineeracademy.com,6,0,0,,0,0,,0,,
113,2026-08-15,alejandro@dataengineeracademy.com,46,6,13,50,3,0,,0,,
89,2026-08-15,yomyung@dataengineeracademy.com,1,1,100,100,1,0,,0,,
34,2026-08-15,bron@dataengineeracademy.com,3,1,33.3,0,0,0,,0,,
32,2026-08-15,yousefy@dataengineeracademy.com,1,1,100,0,0,0,,0,,
79,2026-08-15,ibrahimn@dataengineeracademy.com,1,0,0,,0,0,,0,,
325,2026-08-15,jaco@dataengineeracademy.com,5,3,60,100,3,0,,0,,
10,2026-08-14,miguelromero@dataengineeracademy.com,8,1,12.5,0,0,0,,0,,
160,2026-08-14,melissa@dataengineeracademy.com,15,4,26.7,75,3,0,,0,,
81,2026-08-14,zan@dataengineeracademy.com,3,0,0,,0,0,,0,,
4,2026-08-14,michael@dataengineeracademy.com,16,6,37.5,83.3,5,0,,0,,
156,2026-08-14,lucija@dataengineeracademy.com,51,9,17.6,66.7,6,3,100,0,0,
122,2026-08-14,chrisblanchette@dataengineeracademy.com,2,2,100,100,2,1,100,0,0,
57,2026-08-14,regev@dataengineeracademy.com,7,6,85.7,66.7,4,2,50,0,0,
54,2026-08-14,yousefy@dataengineeracademy.com,7,4,57.1,50,2,0,,0,,
213,2026-08-14,yomyung@dataengineeracademy.com,1,1,100,100,1,0,,0,,
337,2026-08-14,jtatwal@dataengineeracademy.com,5,3,60,66.7,2,1,100,0,0,
19,2026-08-14,rileycole@dataengineeracademy.com,3,0,0,,0,0,,0,,
392,2026-08-14,shakil@dataengineeracademy.com,1,1,100,100,1,0,,0,,
116,2026-08-14,andrewm@dataengineeracademy.com,12,3,25,66.7,2,2,100,0,0,
192,2026-08-14,bron@dataengineeracademy.com,42,9,21.4,11.1,1,0,,0,,
316,2026-08-13,nicknuaym@dataengineeracademy.com,1,0,0,,0,0,,0,,
64,2026-08-13,chris@dataengineeracademy.com,1,0,0,,0,0,,0,,
251,2026-08-13,nikoloztkhilishvili@dataengineeracademy.com,3,2,66.7,100,2,1,100,0,0,
71,2026-08-13,miguelromero@dataengineeracademy.com,6,2,33.3,100,2,2,50,0,0,
30,2026-08-13,chrisblanchette@dataengineeracademy.com,5,2,40,50,1,0,,0,,
210,2026-08-13,regev@dataengineeracademy.com,4,3,75,66.7,2,1,100,1,100,22000
278,2026-08-13,michael@dataengineeracademy.com,1,1,100,100,1,1,100,0,0,
224,2026-08-12,joaquinjaimes@dataengineeracademy.com,1,0,0,,0,0,,0,,
78,2026-08-12,jtatwal@dataengineeracademy.com,1,0,0,,0,0,,0,,
167,2026-08-12,miguelromero@dataengineeracademy.com,3,2,66.7,100,2,2,100,0,0,
255,2026-08-12,chrisblanchette@dataengineeracademy.com,6,4,66.7,100,4,4,75,0,0,
319,2026-08-12,nikoloztkhilishvili@dataengineeracademy.com,1,0,0,,0,0,,0,,
247,2026-08-12,zan@dataengineeracademy.com,4,3,75,33.3,1,0,,0,,
169,2026-08-11,zan@dataengineeracademy.com,1,0,0,,0,0,,0,,
150,2026-08-11,chrisblanchette@dataengineeracademy.com,1,0,0,,0,0,,0,,
85,2026-08-11,michael@dataengineeracademy.com,1,1,100,100,1,1,100,0,0,
143,2026-08-11,nikoloztkhilishvili@dataengineeracademy.com,1,1,100,100,1,1,100,0,0,
257,2026-08-11,miguelromero@dataengineeracademy.com,1,1,100,100,1,0,,0,,
16,2026-08-10,bron@dataengineeracademy.com,2,1,50,0,0,0,,0,,
144,2026-08-10,joaquinjaimes@dataengineeracademy.com,1,1,100,0,0,0,,0,,
59,2026-08-10,miguelromero@dataengineeracademy.com,3,3,100,100,3,2,100,0,0,
186,2026-08-10,zan@dataengineeracademy.com,1,1,100,100,1,1,100,0,0,
303,2026-08-10,nikoloztkhilishvili@dataengineeracademy.com,1,0,0,,0,0,,0,,
163,2026-08-09,miguelromero@dataengineeracademy.com,2,1,50,0,0,0,,0,,
260,2026-08-09,alejandro@dataengineeracademy.com,1,0,0,,0,0,,0,,
164,2026-08-08,miguelromero@dataengineeracademy.com,5,2,40,100,2,2,50,0,0,
254,2026-08-08,zan@dataengineeracademy.com,1,0,0,,0,0,,0,,
105,2026-08-08,alejandro@dataengineeracademy.com,1,1,100,100,1,1,100,0,0,
2,2026-08-07,zan@dataengineeracademy.com,1,1,100,100,1,0,,0,,
161,2026-08-07,nikoloztkhilishvili@dataengineeracademy.com,3,1,33.3,100,1,1,100,1,100,21000
127,2026-08-07,mahmoud@dataengineeracademy.com,1,0,0,,0,0,,0,,
262,2026-08-07,miguelromero@dataengineeracademy.com,3,3,100,66.7,2,0,,0,,
118,2026-08-07,alejandro@dataengineeracademy.com,2,2,100,100,2,1,100,0,0,
342,2026-08-07,cosminandronic@dataengineeracademy.com,1,1,100,100,1,1,100,0,0,
111,2026-08-06,michael@dataengineeracademy.com,2,1,50,100,1,1,100,0,0,
243,2026-08-06,miguelromero@dataengineeracademy.com,1,0,0,,0,0,,0,,
398,2026-08-06,nikoloztkhilishvili@dataengineeracademy.com,1,1,100,100,1,1,100,0,0,
131,2026-08-06,chrisblanchette@dataengineeracademy.com,1,1,100,100,1,0,,0,,
98,2026-08-06,zan@dataengineeracademy.com,1,1,100,100,1,0,,0,,
51,2026-08-05,miguelromero@dataengineeracademy.com,4,4,100,100,4,2,100,2,100,9500
37,2026-08-05,nikoloztkhilishvili@dataengineeracademy.com,1,0,0,,0,0,,0,,
401,2026-08-05,bron@dataengineeracademy.com,1,1,100,100,1,1,100,0,0,
157,2026-08-05,chrisblanchette@dataengineeracademy.com,1,1,100,0,0,0,,0,,
363,2026-08-05,zan@dataengineeracademy.com,4,2,50,50,1,0,,0,,
187,2026-08-04,miguelromero@dataengineeracademy.com,1,0,0,,0,0,,0,,
233,2026-08-04,zan@dataengineeracademy.com,1,1,100,100,1,1,100,0,0,
234,2026-08-04,nikoloztkhilishvili@dataengineeracademy.com,2,1,50,100,1,1,0,0,0,
331,2026-08-04,alejandro@dataengineeracademy.com,1,1,100,100,1,0,,0,,
208,2026-08-03,miguelromero@dataengineeracademy.com,3,2,66.7,50,1,1,100,0,0,
271,2026-08-03,nikoloztkhilishvili@dataengineeracademy.com,4,2,50,100,2,1,100,0,0,
137,2026-08-03,alejandro@dataengineeracademy.com,3,2,66.7,100,2,2,100,0,0,
362,2026-08-03,melissa@dataengineeracademy.com,1,0,0,,0,0,,0,,
389,2026-08-02,miguelromero@dataengineeracademy.com,2,2,100,100,2,0,,0,,
322,2026-08-02,alejandro@dataengineeracademy.com,3,2,66.7,50,1,1,100,1,100,22000
175,2026-08-02,andrewm@dataengineeracademy.com,1,0,0,,0,0,,0,,
370,2026-08-01,miguelromero@dataengineeracademy.com,1,1,100,100,1,0,,0,,
86,2026-08-01,zan@dataengineeracademy.com,1,0,0,,0,0,,0,,
172,2026-08-01,alejandro@dataengineeracademy.com,1,1,100,100,1,1,100,0,0,
317,2026-07-31,bron@dataengineeracademy.com,1,0,0,,0,0,,0,,
264,2026-07-31,chrisblanchette@dataengineeracademy.com,1,1,100,100,1,1,100,0,0,
301,2026-07-31,miguelromero@dataengineeracademy.com,3,1,33.3,100,1,1,100,0,0,
106,2026-07-31,zan@dataengineeracademy.com,1,0,0,,0,0,,0,,
328,2026-07-31,andrewm@dataengineeracademy.com,1,0,0,,0,0,,0,,
326,2026-07-30,nikoloztkhilishvili@dataengineeracademy.com,1,0,0,,0,0,,0,,
28,2026-07-30,miguelromero@dataengineeracademy.com,4,1,25,100,1,0,,0,,
40,2026-07-30,cosminandronic@dataengineeracademy.com,1,1,100,100,1,1,0,0,0,
263,2026-07-30,lucija@dataengineeracademy.com,1,0,0,,0,0,,0,,
261,2026-07-30,zan@dataengineeracademy.com,2,1,50,0,0,0,,0,,
369,2026-07-30,joaquinjaimes@dataengineeracademy.com,1,0,0,,0,0,,0,,
226,2026-07-30,alejandro@dataengineeracademy.com,2,2,100,100,2,2,50,0,0,
335,2026-07-30,andrewm@dataengineeracademy.com,1,0,0,,0,0,,0,,
104,2026-07-29,peter@dataengineeracademy.com,1,0,0,,0,0,,0,,
321,2026-07-29,joaquinjaimes@dataengineeracademy.com,1,1,100,100,1,1,100,0,0,
5,2026-07-29,nikoloztkhilishvili@dataengineeracademy.com,3,2,66.7,100,2,1,0,0,0,
133,2026-07-29,chrisblanchette@dataengineeracademy.com,1,1,100,100,1,0,,0,,
344,2026-07-29,shawnb@dataengineeracademy.com,1,0,0,,0,0,,0,,
244,2026-07-29,andrez@dataengineeracademy.com,1,0,0,,0,0,,0,,
52,2026-07-29,bron@dataengineeracademy.com,1,1,100,100,1,1,100,0,0,
315,2026-07-28,cosminandronic@dataengineeracademy.com,1,0,0,,0,0,,0,,
120,2026-07-28,melissa@dataengineeracademy.com,1,1,100,100,1,1,100,0,0,
26,2026-07-28,chrisblanchette@dataengineeracademy.com,1,1,100,100,1,1,0,0,0,
351,2026-07-28,michael@dataengineeracademy.com,1,1,100,100,1,1,100,1,100,22000
295,2026-07-28,joaquinjaimes@dataengineeracademy.com,2,1,50,100,1,1,0,0,0,
397,2026-07-28,nikoloztkhilishvili@dataengineeracademy.com,1,0,0,,0,0,,0,,
209,2026-07-28,gregory@dataengineeracademy.com,1,0,0,,0,0,,0,,
117,2026-07-27,miguelromero@dataengineeracademy.com,1,1,100,100,1,1,100,0,0,
107,2026-07-27,chrisblanchette@dataengineeracademy.com,1,0,0,,0,0,,0,,
56,2026-07-27,joaquinjaimes@dataengineeracademy.com,2,0,0,,0,0,,0,,
402,2026-07-27,gulnihals@dataengineeracademy.com,1,1,100,100,1,1,0,0,0,
199,2026-07-27,zan@dataengineeracademy.com,3,2,66.7,100,2,2,50,0,0,
269,2026-07-26,chrisblanchette@dataengineeracademy.com,1,1,100,100,1,1,100,0,0,
3,2026-07-26,zan@dataengineeracademy.com,3,0,0,,0,0,,0,,
31,2026-07-26,bron@dataengineeracademy.com,1,0,0,,0,0,,0,,
50,2026-07-25,chrisblanchette@dataengineeracademy.com,3,2,66.7,100,2,1,0,0,0,
182,2026-07-25,zan@dataengineeracademy.com,1,0,0,,0,0,,0,,
308,2026-07-24,codyg@dataengineeracademy.com,1,0,0,,0,0,,0,,
229,2026-07-24,melissa@dataengineeracademy.com,1,0,0,,0,0,,0,,
153,2026-07-24,joaquinjaimes@dataengineeracademy.com,3,2,66.7,100,2,1,100,0,0,
110,2026-07-24,muhammadzubair@dataengineeracademy.com,1,0,0,,0,0,,0,,
379,2026-07-23,miguelromero@dataengineeracademy.com,1,1,100,100,1,1,100,0,0,
353,2026-07-23,gregory@dataengineeracademy.com,1,0,0,,0,0,,0,,
339,2026-07-23,joaquinjaimes@dataengineeracademy.com,1,1,100,100,1,0,,0,,
130,2026-07-23,melissa@dataengineeracademy.com,1,0,0,,0,0,,0,,
202,2026-07-23,zan@dataengineeracademy.com,1,0,0,,0,0,,0,,
216,2026-07-22,michael@dataengineeracademy.com,1,0,0,,0,0,,0,,
188,2026-07-22,joaquinjaimes@dataengineeracademy.com,2,1,50,100,1,0,,0,,
381,2026-07-22,chrisblanchette@dataengineeracademy.com,3,2,66.7,50,1,1,0,0,0,
376,2026-07-21,bron@dataengineeracademy.com,2,2,100,50,1,0,,0,,
206,2026-07-21,joaquinjaimes@dataengineeracademy.com,1,1,100,100,1,1,100,0,0,
299,2026-07-21,michael@dataengineeracademy.com,1,0,0,,0,0,,0,,
80,2026-07-21,chrisblanchette@dataengineeracademy.com,1,1,100,100,1,0,,0,,
249,2026-07-20,joaquinjaimes@dataengineeracademy.com,2,2,100,100,2,2,100,1,50,20000
176,2026-07-20,zan@dataengineeracademy.com,1,1,100,0,0,0,,0,,
77,2026-07-20,andrewm@dataengineeracademy.com,1,1,100,0,0,0,,0,,
139,2026-07-20,bron@dataengineeracademy.com,1,0,0,,0,0,,0,,
90,2026-07-20,gulnihals@dataengineeracademy.com,2,2,100,100,2,2,100,1,50,10000
378,2026-07-20,muhammadzubair@dataengineeracademy.com,2,0,0,,0,0,,0,,
23,2026-07-19,andrewm@dataengineeracademy.com,1,0,0,,0,0,,0,,
383,2026-07-19,zan@dataengineeracademy.com,1,1,100,0,0,0,,0,,
231,2026-07-19,joaquinjaimes@dataengineeracademy.com,1,0,0,,0,0,,0,,
20,2026-07-18,miguelromero@dataengineeracademy.com,1,0,0,,0,0,,0,,
384,2026-07-18,gulnihals@dataengineeracademy.com,1,1,100,100,1,0,,0,,
53,2026-07-18,chrisblanchette@dataengineeracademy.com,3,2,66.7,50,1,0,,0,,
58,2026-07-18,joaquinjaimes@dataengineeracademy.com,2,0,0,,0,0,,0,,
48,2026-07-17,kevin@dataengineeracademy.com,1,0,0,,0,0,,0,,
400,2026-07-17,zan@dataengineeracademy.com,1,1,100,100,1,1,100,0,0,
177,2026-07-17,lucija@dataengineeracademy.com,1,0,0,,0,0,,0,,
21,2026-07-17,chrisblanchette@dataengineeracademy.com,2,2,100,100,2,1,100,0,0,
138,2026-07-17,nikoloztkhilishvili@dataengineeracademy.com,2,0,0,,0,0,,0,,
230,2026-07-17,joaquinjaimes@dataengineeracademy.com,1,0,0,,0,0,,0,,
394,2026-07-16,gracie@dataengineeracademy.com,1,0,0,,0,0,,0,,
396,2026-07-16,alejandro@dataengineeracademy.com,1,1,100,100,1,1,100,0,0,
152,2026-07-16,bron@dataengineeracademy.com,1,1,100,100,1,1,100,0,0,
305,2026-07-16,gregory@dataengineeracademy.com,1,1,100,100,1,1,100,0,0,
166,2026-07-16,cosminandronic@dataengineeracademy.com,1,1,100,100,1,0,,0,,
380,2026-07-16,chrisblanchette@dataengineeracademy.com,3,2,66.7,50,1,1,100,0,0,
289,2026-07-15,miguelromero@dataengineeracademy.com,1,0,0,,0,0,,0,,
356,2026-07-15,melissa@dataengineeracademy.com,1,1,100,100,1,1,0,1,100,10000
60,2026-07-15,nikoloztkhilishvili@dataengineeracademy.com,1,0,0,,0,0,,0,,
123,2026-07-15,zan@dataengineeracademy.com,2,2,100,100,2,2,100,1,50,19000
201,2026-07-14,miguelromero@dataengineeracademy.com,2,1,50,100,1,1,100,0,0,
33,2026-07-14,chrisblanchette@dataengineeracademy.com,1,1,100,100,1,1,100,0,0,
39,2026-07-14,bron@dataengineeracademy.com,2,2,100,0,0,0,,0,,
217,2026-07-13,miguelromero@dataengineeracademy.com,1,1,100,100,1,1,100,1,100,22000
101,2026-07-13,michael@dataengineeracademy.com,1,1,100,100,1,1,100,0,0,
265,2026-07-13,chrisblanchette@dataengineeracademy.com,3,1,33.3,100,1,1,0,0,0,
343,2026-07-12,miguelromero@dataengineeracademy.com,2,2,100,50,1,0,,0,,
24,2026-07-11,chrisblanchette@dataengineeracademy.com,1,1,100,0,0,0,,0,,
242,2026-07-11,enzo@dataengineeracademy.com,1,0,0,,0,0,,0,,
236,2026-07-11,alejandro@dataengineeracademy.com,1,0,0,,0,0,,0,,
387,2026-07-10,lucija@dataengineeracademy.com,1,1,100,100,1,0,,0,,
218,2026-07-10,nikoloztkhilishvili@dataengineeracademy.com,2,1,50,100,1,0,,0,,
314,2026-07-10,bron@dataengineeracademy.com,1,1,100,100,1,1,100,0,0,
134,2026-07-10,chrisblanchette@dataengineeracademy.com,1,1,100,100,1,1,100,0,0,
336,2026-07-10,miguelromero@dataengineeracademy.com,1,0,0,,0,0,,0,,
178,2026-07-09,miguelromero@dataengineeracademy.com,2,1,50,100,1,1,100,0,0,
332,2026-07-09,gregory@dataengineeracademy.com,1,0,0,,0,0,,0,,
330,2026-07-09,yomyung@dataengineeracademy.com,1,1,100,0,0,0,,0,,
366,2026-07-09,chrisblanchette@dataengineeracademy.com,5,3,60,0,0,0,,0,,
148,2026-07-09,nikoloztkhilishvili@dataengineeracademy.com,1,0,0,,0,0,,0,,
284,2026-07-09,bron@dataengineeracademy.com,1,0,0,,0,0,,0,,
22,2026-07-08,chrisblanchette@dataengineeracademy.com,4,2,50,100,2,2,100,0,0,
350,2026-07-07,regev@dataengineeracademy.com,1,0,0,,0,0,,0,,
190,2026-07-07,chrisblanchette@dataengineeracademy.com,1,1,100,100,1,1,0,0,0,
333,2026-07-06,chrisblanchette@dataengineeracademy.com,1,0,0,,0,0,,0,,
45,2026-07-06,joaquinjaimes@dataengineeracademy.com,1,0,0,,0,0,,0,,
252,2026-07-06,michael@dataengineeracademy.com,1,1,100,100,1,0,,0,,
280,2026-07-06,lucija@dataengineeracademy.com,1,0,0,,0,0,,0,,
377,2026-07-06,enzo@dataengineeracademy.com,1,0,0,,0,0,,0,,
365,2026-07-06,bron@dataengineeracademy.com,3,2,66.7,100,2,0,,0,,
273,2026-07-06,miguelromero@dataengineeracademy.com,1,1,100,100,1,1,100,0,0,
352,2026-07-05,nikoloztkhilishvili@dataengineeracademy.com,1,0,0,,0,0,,0,,
340,2026-07-04,miguelromero@dataengineeracademy.com,1,0,0,,0,0,,0,,
386,2026-07-04,chrisblanchette@dataengineeracademy.com,2,1,50,0,0,0,,0,,
238,2026-07-03,kevin@dataengineeracademy.com,1,0,0,,0,0,,0,,
375,2026-07-03,bron@dataengineeracademy.com,2,0,0,,0,0,,0,,
76,2026-07-03,ryanspooner@dataengineeracademy.com,1,1,100,100,1,0,,0,,
84,2026-07-03,melissa@dataengineeracademy.com,2,1,50,0,0,0,,0,,
114,2026-07-03,lucija@dataengineeracademy.com,1,0,0,,0,0,,0,,
43,2026-07-03,irtaza@dataengineeracademy.com,1,0,0,,0,0,,0,,
179,2026-07-03,nikoloztkhilishvili@dataengineeracademy.com,1,0,0,,0,0,,0,,
124,2026-07-03,rileycole@dataengineeracademy.com,1,0,0,,0,0,,0,,
99,2026-07-03,michael@dataengineeracademy.com,1,0,0,,0,0,,0,,
239,2026-07-03,peter@dataengineeracademy.com,1,0,0,,0,0,,0,,
219,2026-07-03,chrisblanchette@dataengineeracademy.com,1,1,100,0,0,0,,0,,
214,2026-07-03,joshuaastle@dataengineeracademy.com,1,0,0,,0,0,,0,,
256,2026-07-03,alejandro@dataengineeracademy.com,1,1,100,100,1,0,,0,,
223,2026-07-02,chrisblanchette@dataengineeracademy.com,1,0,0,,0,0,,0,,
121,2026-07-02,joaquinjaimes@dataengineeracademy.com,1,1,100,100,1,1,100,0,0,
94,2026-07-02,melissa@dataengineeracademy.com,1,0,0,,0,0,,0,,
259,2026-07-02,lucija@dataengineeracademy.com,2,1,50,100,1,1,100,1,100,19000
91,2026-07-01,melissa@dataengineeracademy.com,2,1,50,100,1,0,,0,,
287,2026-07-01,lucija@dataengineeracademy.com,1,0,0,,0,0,,0,,
245,2026-07-01,nikoloztkhilishvili@dataengineeracademy.com,1,1,100,100,1,0,,0,,
372,2026-07-01,bron@dataengineeracademy.com,1,0,0,,0,0,,0,,
203,2026-06-30,michael@dataengineeracademy.com,1,1,100,100,1,0,,0,,
313,2026-06-30,melissa@dataengineeracademy.com,1,0,0,,0,0,,0,,
395,2026-06-30,joaquinjaimes@dataengineeracademy.com,1,0,0,,0,0,,0,,
171,2026-06-30,lucija@dataengineeracademy.com,1,1,100,0,0,0,,0,,
288,2026-06-29,bron@dataengineeracademy.com,1,1,100,100,1,1,100,0,0,
220,2026-06-29,lucija@dataengineeracademy.com,1,1,100,100,1,1,100,0,0,
237,2026-06-29,michael@dataengineeracademy.com,1,0,0,,0,0,,0,,
7,2026-06-28,chrisblanchette@dataengineeracademy.com,3,1,33.3,100,1,1,100,0,0,
399,2026-06-28,joaquinjaimes@dataengineeracademy.com,1,0,0,,0,0,,0,,
222,2026-06-27,gregory@dataengineeracademy.com,1,0,0,,0,0,,0,,
195,2026-06-27,melissa@dataengineeracademy.com,1,1,100,0,0,0,,0,,
42,2026-06-26,melissa@dataengineeracademy.com,1,0,0,,0,0,,0,,
0,2026-06-26,chrisblanchette@dataengineeracademy.com,1,0,0,,0,0,,0,,
109,2026-06-26,zan@dataengineeracademy.com,1,0,0,,0,0,,0,,
147,2026-06-26,lucija@dataengineeracademy.com,1,1,100,0,0,0,,0,,
212,2026-06-25,zan@dataengineeracademy.com,1,0,0,,0,0,,0,,
285,2026-06-25,michael@dataengineeracademy.com,1,0,0,,0,0,,0,,
348,2026-06-23,lucija@dataengineeracademy.com,1,0,0,,0,0,,0,,
15,2026-06-23,melissa@dataengineeracademy.com,3,0,0,,0,0,,0,,
145,2026-06-23,cosminandronic@dataengineeracademy.com,1,1,100,100,1,1,100,0,0,
129,2026-06-22,nikoloztkhilishvili@dataengineeracademy.com,1,0,0,,0,0,,0,,
268,2026-06-22,cosminandronic@dataengineeracademy.com,1,1,100,100,1,0,,0,,
306,2026-06-21,chrisblanchette@dataengineeracademy.com,1,0,0,,0,0,,0,,
135,2026-06-21,michael@dataengineeracademy.com,2,2,100,50,1,0,,0,,
18,2026-06-19,gregory@dataengineeracademy.com,1,1,100,0,0,0,,0,,
35,2026-06-19,zan@dataengineeracademy.com,1,1,100,100,1,1,0,0,0,
100,2026-06-18,chrisblanchette@dataengineeracademy.com,1,1,100,100,1,1,100,0,0,
180,2026-06-18,melissa@dataengineeracademy.com,1,1,100,100,1,0,,0,,
96,2026-06-18,nikoloztkhilishvili@dataengineeracademy.com,1,0,0,,0,0,,0,,
270,2026-06-16,zalan@dataengineeracademy.com,1,1,100,100,1,0,,0,,
61,2026-06-16,lucija@dataengineeracademy.com,1,1,100,100,1,0,,0,,
374,2026-06-16,zan@dataengineeracademy.com,2,2,100,100,2,1,100,0,0,
36,2026-06-15,melissa@dataengineeracademy.com,2,0,0,,0,0,,0,,
38,2026-06-15,alejandro@dataengineeracademy.com,1,1,100,0,0,0,,0,,
103,2026-06-13,melissa@dataengineeracademy.com,1,1,100,0,0,0,,0,,
204,2026-06-13,michael@dataengineeracademy.com,1,1,100,100,1,1,100,1,100,17000
184,2026-06-13,alejandro@dataengineeracademy.com,1,0,0,,0,0,,0,,
221,2026-06-12,alejandro@dataengineeracademy.com,1,1,100,100,1,1,0,0,0,
385,2026-06-12,zalan@dataengineeracademy.com,1,1,100,0,0,0,,0,,
277,2026-06-11,michael@dataengineeracademy.com,1,0,0,,0,0,,0,,
119,2026-06-11,melissa@dataengineeracademy.com,1,0,0,,0,0,,0,,
136,2026-06-10,alejandro@dataengineeracademy.com,3,1,33.3,0,0,0,,0,,
358,2026-06-10,gregory@dataengineeracademy.com,1,1,100,100,1,1,100,0,0,
297,2026-06-09,chrisblanchette@dataengineeracademy.com,1,1,100,0,0,0,,0,,
8,2026-06-08,lucija@dataengineeracademy.com,1,0,0,,0,0,,0,,
115,2026-06-08,bron@dataengineeracademy.com,1,1,100,100,1,1,100,0,0,
