,CLOSER_NAME,ACTIVITY_DATE,TOTAL_CALLS,MONEY_COUNT,FEAR_COUNT,HUNG_UP_COUNT,LOGISTICAL_COUNT,NO_OBJ_COUNT,OTHER_COACHES_COUNT,PARTNER_COUNT,THINK_ABT_IT_COUNT,TIME_COUNT,TRUST_COUNT,VALUE_COUNT,NOT_LOOKING_COUNT
707,JT Atwal,2026-10-03,1,0,0,0,0,0,0,0,0,0,0,0,0
155,JT Atwal,2026-10-02,1,0,0,0,0,1,0,0,0,0,0,0,0
352,Lucija Bitunjac,2026-10-02,1,0,0,0,0,1,0,0,0,0,0,0,0
516,Jordon Eggleston,2026-10-02,1,0,0,0,0,0,0,0,0,0,0,0,0
249,Kaisher von Wahl,2026-10-01,1,0,0,0,0,0,0,0,0,0,0,0,0
157,Kevin Hu,2026-10-01,1,1,0,0,0,0,0,0,0,0,0,0,0
684,Gregory Auguste,2026-10-01,1,0,0,0,0,0,0,0,1,1,0,0,0
400,Sabre Schimpf,2026-10-01,1,0,0,0,0,1,0,0,0,0,0,0,0
1,Kevin Hu,2026-09-30,2,0,0,0,0,0,0,0,0,0,0,0,0
158,Lucija Bitunjac,2026-09-30,1,0,0,0,0,0,0,0,0,0,0,0,0
690,Kaisher von Wahl,2026-09-30,1,0,0,0,1,0,0,1,0,0,0,0,0
92,Michael Mkrtichyan,2026-09-30,1,0,0,0,0,0,0,0,0,0,0,0,0
189,Jordon Eggleston,2026-09-30,1,1,0,0,0,0,0,1,0,0,0,0,0
176,Bron Novak,2026-09-30,1,0,0,0,0,0,0,0,0,0,0,0,0
54,Jimmy Lartigue,2026-09-29,1,0,0,0,0,1,0,0,0,0,0,0,0
316,Kaisher von Wahl,2026-09-29,1,0,0,0,0,0,0,0,0,0,0,0,0
416,Gregory Auguste,2026-09-29,1,0,0,0,0,0,0,0,0,0,0,0,0
114,Peter Kovac,2026-09-29,1,0,0,0,0,0,0,0,0,0,0,0,0
686,Jason Minor,2026-09-29,1,1,0,0,0,0,0,0,1,0,0,0,0
234,Enzo Missio,2026-09-29,1,0,0,0,0,0,0,0,0,0,0,0,0
681,Brian Chiundah,2026-09-29,1,1,0,1,0,0,0,0,0,0,1,0,0
513,JT Atwal,2026-09-29,1,1,0,0,0,0,0,0,1,0,0,0,0
132,Jimmy Lartigue,2026-09-28,1,0,0,0,0,0,0,0,0,0,0,0,0
727,PJ Jensen,2026-09-28,1,1,1,0,0,0,0,0,1,0,0,0,0
423,Bron Novak,2026-09-28,1,0,0,0,0,0,0,0,0,0,0,0,0
64,Sabre Schimpf,2026-09-28,2,0,0,0,1,1,0,0,0,0,0,0,0
239,Gregory Auguste,2026-09-28,1,0,0,0,0,0,0,0,0,0,0,0,0
388,Jason Minor,2026-09-28,1,0,0,0,0,0,0,0,0,0,0,0,0
295,Peter Kovac,2026-09-27,2,0,0,0,0,0,0,0,0,0,0,0,0
801,Jordon Eggleston,2026-09-27,1,0,0,0,0,0,0,0,0,0,0,0,0
439,Abigail Nolasco,2026-09-27,2,0,0,0,0,0,0,0,0,0,0,0,0
348,Gregory Auguste,2026-09-27,1,0,0,0,0,0,0,0,0,0,0,0,0
741,Peter Kovac,2026-09-26,1,0,0,0,0,0,0,0,0,0,0,0,0
697,JT Atwal,2026-09-26,1,0,0,0,0,0,0,0,0,0,0,0,0
795,Ricardo Niño,2026-09-26,1,0,0,0,0,0,0,0,0,0,0,0,0
30,Abigail Nolasco,2026-09-26,1,0,0,0,0,0,0,0,0,0,0,0,0
124,Gregory Auguste,2026-09-26,2,2,0,0,0,0,0,0,2,0,0,0,0
171,Sabre Schimpf,2026-09-25,5,0,0,0,1,0,1,0,0,0,0,1,0
506,Shawn Bray,2026-09-25,1,0,0,0,0,0,0,0,0,0,0,0,0
33,Kaisher von Wahl,2026-09-25,2,0,0,0,1,0,0,0,0,0,0,0,0
144,Bron Novak,2026-09-25,1,0,0,0,0,0,0,0,1,0,0,0,0
779,Josh Astle,2026-09-25,4,1,0,0,1,0,0,0,1,0,0,0,0
59,Jordon Eggleston,2026-09-25,2,0,0,0,0,0,0,0,0,0,0,0,0
333,Paul Patlur,2026-09-24,1,1,0,0,0,0,0,0,0,0,0,0,0
150,Bron Novak,2026-09-24,2,0,0,0,0,0,0,0,0,0,0,0,0
562,Jason Minor,2026-09-24,2,0,0,0,0,0,0,0,0,0,0,0,0
214,Jimmy Lartigue,2026-09-24,1,0,0,0,0,0,0,0,0,0,0,0,0
426,Shawn Bray,2026-09-24,1,0,0,0,0,0,0,0,0,0,0,0,0
525,Abigail Nolasco,2026-09-24,1,0,0,0,0,0,0,0,0,0,0,0,0
285,Gregory Auguste,2026-09-24,1,1,0,0,0,0,0,0,1,0,0,0,0
462,Peter Kovac,2026-09-24,1,0,0,0,0,0,0,0,0,0,0,0,0
646,Josh Astle,2026-09-24,1,0,0,0,0,0,0,0,0,0,0,0,0
652,Jordon Eggleston,2026-09-24,1,1,0,0,0,0,0,1,1,0,0,0,0
296,Kevin Hu,2026-09-24,1,0,0,0,0,0,0,0,0,0,0,0,0
405,Paul Patlur,2026-09-23,1,0,0,0,0,0,0,0,0,0,0,0,0
46,Josh Astle,2026-09-23,1,0,0,0,0,0,0,0,0,0,0,0,0
480,Jimmy Lartigue,2026-09-23,2,0,0,0,0,0,0,0,0,0,0,0,0
500,Ricardo Niño,2026-09-23,1,1,0,0,0,0,0,0,1,0,0,0,0
798,Kevin Hu,2026-09-23,1,0,0,0,0,0,0,0,0,0,0,0,0
724,Jason Minor,2026-09-23,3,0,0,0,0,1,0,0,0,1,0,0,0
240,JT Atwal,2026-09-23,2,0,0,0,0,0,0,0,0,0,0,0,0
566,Peter Kovac,2026-09-22,1,1,0,0,0,0,0,0,1,1,0,0,0
507,Jimmy Lartigue,2026-09-22,1,0,0,0,0,0,0,0,0,0,0,0,0
520,Abigail Nolasco,2026-09-22,1,0,0,0,0,0,0,0,0,0,0,0,0
180,Kaisher von Wahl,2026-09-22,2,0,0,0,0,1,0,0,0,0,0,0,0
6,Gregory Auguste,2026-09-22,1,0,0,0,0,0,0,0,0,0,0,0,0
27,Josh Astle,2026-09-22,2,1,0,0,1,0,0,1,0,0,0,0,0
211,JT Atwal,2026-09-22,1,0,0,0,0,0,0,0,0,0,0,0,0
37,Jason Minor,2026-09-21,1,1,0,0,0,0,0,0,0,0,0,0,0
81,Ricardo Niño,2026-09-21,2,0,0,0,0,0,0,0,0,0,0,0,0
111,Jimmy Lartigue,2026-09-21,1,0,0,0,0,0,0,0,0,0,0,0,0
41,Abigail Nolasco,2026-09-21,3,0,0,0,0,0,0,0,0,0,0,0,0
457,Peter Kovac,2026-09-21,2,0,0,0,0,0,0,0,0,0,0,0,0
355,Josh Astle,2026-09-21,3,1,0,0,1,0,0,0,1,0,0,0,0
470,Brian Chiundah,2026-09-20,1,0,0,0,0,0,0,0,0,0,0,0,0
198,Shawn Bray,2026-09-20,1,0,0,0,0,0,0,0,0,0,0,0,0
419,Peter Kovac,2026-09-20,1,0,0,0,0,0,0,0,0,0,0,0,0
551,Jason Minor,2026-09-20,2,0,0,0,0,0,0,0,0,0,0,0,0
390,Bron Novak,2026-09-20,1,0,0,0,0,0,0,0,0,0,0,0,0
300,Vincent Forte,2026-09-20,1,0,0,0,0,0,0,0,0,0,0,0,0
45,Peter Kovac,2026-09-19,1,0,0,0,0,0,0,0,0,0,0,0,0
149,Gregory Auguste,2026-09-19,1,1,0,0,0,0,0,1,0,0,0,0,0
238,Michael Mkrtichyan,2026-09-19,1,0,0,0,0,0,0,0,0,0,0,0,0
620,Josh Astle,2026-09-19,2,0,0,0,0,0,0,0,0,0,0,0,0
335,PJ Jensen,2026-09-19,2,1,1,0,0,0,0,0,0,1,0,0,0
712,JT Atwal,2026-09-19,1,0,0,0,0,0,0,0,0,0,0,0,0
800,Abigail Nolasco,2026-09-18,1,0,0,0,0,0,0,0,0,0,0,0,0
511,Jason Minor,2026-09-18,1,0,0,0,0,0,0,0,0,0,0,0,0
104,Paul Patlur,2026-09-18,1,0,0,0,0,0,0,0,0,0,0,0,0
246,Nick Nuaym,2026-09-18,1,0,0,0,0,0,0,0,0,0,0,0,0
672,Bron Novak,2026-09-18,1,0,0,0,0,0,0,0,0,0,0,0,0
338,Kaisher von Wahl,2026-09-18,1,1,0,0,0,0,0,0,1,0,0,0,0
558,Jordon Eggleston,2026-09-18,2,0,0,0,0,0,0,0,0,0,0,0,0
594,Jimmy Lartigue,2026-09-18,2,1,0,0,0,0,0,0,2,0,0,0,0
358,Shawn Bray,2026-09-18,1,0,0,0,0,0,0,0,0,0,0,0,0
754,Lucija Bitunjac,2026-09-18,1,0,0,0,0,1,0,0,0,0,0,0,0
680,Michael Mkrtichyan,2026-09-18,1,1,0,0,1,0,0,0,0,0,0,0,0
531,Ricardo Niño,2026-09-18,4,2,0,0,0,0,0,0,0,0,0,0,0
443,Sabre Schimpf,2026-09-18,1,0,0,0,0,0,0,0,0,0,0,0,0
578,Josh Astle,2026-09-18,2,0,0,0,0,0,0,0,0,0,0,0,0
548,Josh Astle,2026-09-17,1,1,0,0,0,0,0,0,0,0,0,0,0
371,Kaisher von Wahl,2026-09-17,2,0,0,0,0,0,0,0,0,0,0,0,0
69,JT Atwal,2026-09-17,1,0,0,0,0,0,0,0,0,0,0,0,0
723,Gregory Auguste,2026-09-17,4,1,0,0,0,0,0,0,1,0,1,0,0
567,Shawn Bray,2026-09-17,1,0,0,0,0,0,0,0,0,0,0,0,0
464,Bron Novak,2026-09-17,1,0,0,0,0,0,0,0,0,0,0,0,0
524,Lucija Bitunjac,2026-09-17,1,0,0,0,0,0,0,0,0,0,0,0,0
692,Abigail Nolasco,2026-09-17,2,0,0,0,0,0,0,0,0,0,0,0,0
449,Jordon Eggleston,2026-09-17,2,0,0,0,0,0,0,0,0,0,0,0,0
471,PJ Jensen,2026-09-17,3,0,0,0,0,2,0,0,0,0,1,1,0
121,Nick Nuaym,2026-09-17,3,1,0,0,0,0,0,1,0,1,0,0,0
768,Ricardo Niño,2026-09-17,2,0,0,0,0,0,0,1,0,0,0,0,0
284,Enzo Missio,2026-09-16,1,0,0,0,0,0,0,0,0,0,0,0,0
140,Shawn Bray,2026-09-16,1,0,0,0,0,1,0,0,0,0,0,0,0
385,Peter Kovac,2026-09-16,1,0,0,0,0,0,0,0,0,0,0,0,0
455,Jason Minor,2026-09-16,2,0,0,0,0,0,0,0,1,0,0,0,0
490,Jimmy Lartigue,2026-09-16,1,0,0,0,0,0,0,0,0,0,0,0,0
63,Nick Nuaym,2026-09-16,2,0,0,0,0,0,0,0,0,0,0,0,0
447,PJ Jensen,2026-09-16,1,0,0,0,0,0,0,0,0,0,0,0,0
659,Abigail Nolasco,2026-09-16,1,0,0,0,0,0,0,0,0,0,0,0,0
72,Jordon Eggleston,2026-09-16,4,0,0,0,0,0,0,0,0,0,0,0,0
440,Kevin Hu,2026-09-16,3,1,0,0,0,0,0,0,0,1,0,0,0
693,Lucija Bitunjac,2026-09-16,1,0,0,0,0,0,0,0,0,0,0,0,0
535,Brian Chiundah,2026-09-16,3,0,0,0,0,0,0,0,0,1,0,0,0
550,Josh Astle,2026-09-16,1,0,0,0,0,0,0,0,0,0,0,0,0
212,Ricardo Niño,2026-09-16,1,0,0,0,0,0,0,0,0,0,0,0,0
545,Gregory Auguste,2026-09-16,2,1,1,0,0,0,0,0,0,0,0,0,0
308,Ricardo Niño,2026-09-15,1,0,0,0,0,0,0,0,0,0,0,0,0
361,Brian Chiundah,2026-09-15,2,1,0,0,0,1,0,0,0,0,0,1,0
722,Shawn Bray,2026-09-15,2,0,0,0,0,0,0,0,0,0,0,0,0
74,Kevin Hu,2026-09-15,1,0,0,0,0,0,0,0,0,0,0,0,0
146,Vincent Forte,2026-09-15,1,0,0,0,0,0,0,0,0,0,0,0,0
11,Michael Mkrtichyan,2026-09-15,1,0,0,0,0,0,0,0,0,0,0,0,0
412,Nick Nuaym,2026-09-15,1,0,0,0,0,0,0,0,1,1,0,1,0
368,Josh Astle,2026-09-15,1,0,0,0,0,0,0,0,0,0,0,0,0
582,PJ Jensen,2026-09-15,2,1,0,0,0,0,0,0,0,0,0,0,0
427,Jimmy Lartigue,2026-09-14,1,0,0,0,0,0,0,0,0,0,0,0,0
14,JT Atwal,2026-09-14,1,0,0,0,0,0,0,0,0,0,0,0,0
363,Michael Mkrtichyan,2026-09-14,1,1,0,0,0,0,0,0,0,0,0,0,0
193,Lucija Bitunjac,2026-09-14,1,0,0,0,0,0,0,0,0,0,0,0,0
197,Gregory Auguste,2026-09-14,1,1,0,0,0,0,0,0,1,0,0,0,0
421,Brian Chiundah,2026-09-14,1,0,0,0,0,0,0,1,0,0,0,0,0
770,Josh Astle,2026-09-14,1,1,0,0,0,0,0,0,0,1,0,0,0
377,Kevin Hu,2026-09-14,1,0,0,0,0,0,0,0,0,0,0,0,0
706,Abigail Nolasco,2026-09-14,1,0,0,0,0,0,0,0,0,0,0,0,0
586,Ricardo Niño,2026-09-14,3,0,0,0,0,0,0,0,0,0,0,0,0
792,PJ Jensen,2026-09-14,2,1,0,0,0,1,0,1,1,0,0,0,0
456,Jason Minor,2026-09-14,1,0,0,0,0,0,0,0,0,0,0,0,0
624,Bron Novak,2026-09-14,1,0,0,0,0,0,0,0,0,0,0,0,0
245,Shawn Bray,2026-09-14,1,0,0,0,0,0,0,0,0,0,0,0,0
112,Paul Patlur,2026-09-14,1,1,0,0,0,0,0,0,0,0,0,0,0
235,Josh Astle,2026-09-13,2,0,0,0,0,0,0,0,1,1,0,0,0
526,Jimmy Lartigue,2026-09-13,1,0,0,0,0,0,0,0,0,0,0,0,0
318,Nick Nuaym,2026-09-13,1,0,0,0,0,0,0,0,0,0,0,0,0
625,Jason Minor,2026-09-13,1,0,0,0,0,0,0,0,0,0,0,0,0
307,Kaisher von Wahl,2026-09-13,1,1,0,0,0,0,0,0,0,0,0,0,0
579,Michael Mkrtichyan,2026-09-13,1,0,0,0,0,0,0,0,0,0,0,0,0
105,JT Atwal,2026-09-13,1,0,0,0,0,0,0,0,0,0,0,0,0
430,Lucija Bitunjac,2026-09-13,1,0,0,0,0,0,0,0,0,0,0,0,0
466,Ricardo Niño,2026-09-13,2,1,0,0,0,0,0,0,1,0,0,0,0
442,Vincent Forte,2026-09-13,1,0,0,0,0,0,0,0,0,0,0,0,0
349,Ricardo Niño,2026-09-12,1,1,0,0,0,0,0,0,1,1,0,1,0
577,Jordon Eggleston,2026-09-12,1,0,0,0,0,0,0,0,0,0,0,0,0
174,Peter Kovac,2026-09-12,1,0,0,0,0,0,0,0,0,0,0,0,0
382,Bron Novak,2026-09-12,1,0,0,0,0,0,0,0,0,0,0,0,0
210,Enzo Missio,2026-09-12,1,0,0,0,0,0,0,0,0,0,0,0,0
145,Josh Astle,2026-09-12,1,0,0,0,0,0,0,1,0,0,0,0,0
541,PJ Jensen,2026-09-12,2,0,0,0,0,0,0,0,0,0,0,0,0
130,Shawn Bray,2026-09-12,3,2,1,0,1,0,0,0,1,1,1,0,0
632,Brian Chiundah,2026-09-12,2,0,0,0,0,0,0,0,0,0,0,0,0
636,JT Atwal,2026-09-12,1,0,0,0,0,1,0,0,0,0,0,0,0
656,Gregory Auguste,2026-09-12,2,0,0,0,0,0,0,0,0,0,0,0,0
474,Jason Minor,2026-09-12,1,0,0,0,0,0,0,0,0,0,0,0,0
766,Jordon Eggleston,2026-09-11,1,0,0,0,0,0,0,0,0,0,0,0,0
534,PJ Jensen,2026-09-11,5,1,0,0,0,1,0,0,0,1,0,1,0
242,Josh Astle,2026-09-11,2,0,0,0,0,0,0,0,0,0,1,1,0
70,Shawn Bray,2026-09-11,5,1,0,0,0,0,0,0,0,0,0,0,0
428,Peter Kovac,2026-09-11,1,0,0,0,0,0,0,0,0,0,0,0,0
631,Andrew Maksymchuk,2026-09-11,3,0,0,0,0,0,0,0,0,0,0,0,0
417,Michael Mkrtichyan,2026-09-11,1,1,0,0,0,0,0,0,0,0,0,0,0
370,Lucija Bitunjac,2026-09-11,1,0,0,0,0,0,0,1,0,0,0,0,0
484,Kevin Hu,2026-09-11,1,0,0,0,0,0,0,0,1,1,0,0,0
337,Jimmy Lartigue,2026-09-11,1,0,0,0,0,0,0,0,0,0,0,0,0
279,Ricardo Niño,2026-09-11,2,0,0,0,0,0,0,0,1,0,1,0,0
53,Gregory Auguste,2026-09-11,2,1,0,0,0,0,0,0,1,0,1,0,0
229,Michael Mkrtichyan,2026-09-10,1,0,0,0,0,0,0,0,0,0,0,0,0
757,Paul Patlur,2026-09-10,2,0,0,0,0,0,0,0,0,0,0,0,0
209,Gregory Auguste,2026-09-10,1,0,0,0,0,0,0,0,0,0,0,0,0
609,JT Atwal,2026-09-10,1,0,0,0,0,0,0,0,0,0,0,0,0
601,Shawn Bray,2026-09-10,1,0,0,0,0,0,0,0,0,0,0,0,0
204,Ricardo Niño,2026-09-10,1,0,0,0,0,0,0,0,0,0,0,0,0
268,Andrew Maksymchuk,2026-09-10,1,0,0,0,0,0,0,0,0,0,0,0,0
773,PJ Jensen,2026-09-10,3,0,0,0,0,1,0,0,0,0,0,0,0
262,Josh Astle,2026-09-10,2,0,0,0,0,0,0,0,0,0,0,0,0
738,Jordon Eggleston,2026-09-10,2,0,0,0,0,0,0,0,0,0,0,0,0
29,Bron Novak,2026-09-10,4,0,0,0,0,0,0,1,1,0,0,0,0
23,Nick Nuaym,2026-09-10,1,1,0,0,0,0,0,0,0,0,0,0,0
190,Jimmy Lartigue,2026-09-10,1,0,0,0,0,0,0,0,0,0,0,0,0
499,Kevin Hu,2026-09-10,1,1,0,0,0,0,0,0,0,0,1,0,0
574,Lucija Bitunjac,2026-09-09,2,0,0,0,0,0,0,0,0,0,0,0,0
764,Josh Astle,2026-09-09,1,0,0,0,0,0,0,0,0,0,0,0,0
593,Gregory Auguste,2026-09-09,1,1,0,0,0,0,0,0,0,0,0,0,0
717,Shawn Bray,2026-09-09,2,0,0,0,0,0,0,0,0,0,0,0,0
301,Enzo Missio,2026-09-09,1,0,0,0,0,0,0,0,0,0,0,0,0
710,Paul Patlur,2026-09-09,1,0,0,0,0,0,0,0,0,0,0,0,0
77,Jordon Eggleston,2026-09-09,1,0,0,0,0,0,0,0,0,0,0,0,0
208,Abigail Nolasco,2026-09-09,2,0,0,0,0,0,0,0,0,1,0,0,0
115,Bron Novak,2026-09-09,1,0,0,0,0,0,0,0,1,0,0,0,0
195,JT Atwal,2026-09-09,1,0,0,0,0,0,0,0,0,0,0,0,0
148,Ricardo Niño,2026-09-09,3,2,0,0,1,0,0,0,0,0,0,0,0
537,PJ Jensen,2026-09-09,3,1,0,0,1,1,0,0,0,0,0,0,0
123,Andrew Maksymchuk,2026-09-09,4,0,0,0,0,0,0,0,0,0,0,0,0
107,Nick Nuaym,2026-09-09,2,1,0,0,1,0,0,0,0,0,0,0,0
256,Kevin Hu,2026-09-09,2,0,0,0,0,0,0,0,1,1,0,0,0
339,Jordon Eggleston,2026-09-08,3,1,0,0,0,0,0,0,0,0,0,0,0
62,Gregory Auguste,2026-09-08,2,0,0,0,0,0,0,0,0,0,0,0,0
528,Abigail Nolasco,2026-09-08,3,0,0,0,0,0,0,0,0,0,0,0,0
789,JT Atwal,2026-09-08,1,0,0,0,0,0,0,0,0,0,0,0,0
19,Andrew Maksymchuk,2026-09-08,3,0,0,0,0,0,0,0,0,0,0,0,0
89,Michael Mkrtichyan,2026-09-08,1,0,0,0,0,0,0,0,0,1,0,0,0
36,Lucija Bitunjac,2026-09-08,3,1,0,0,0,0,0,0,0,0,0,0,0
162,Jason Minor,2026-09-08,1,0,0,0,0,0,0,0,0,0,0,0,0
379,Peter Kovac,2026-09-08,1,0,0,0,0,0,0,0,0,0,0,0,0
476,Bron Novak,2026-09-08,1,0,0,0,0,0,0,0,0,0,0,0,0
403,PJ Jensen,2026-09-08,2,1,0,0,0,1,0,0,0,0,0,0,0
735,Nick Nuaym,2026-09-08,1,0,0,0,0,0,0,0,0,0,0,0,0
362,Monisha Murugan,2026-09-08,1,0,0,0,0,0,0,1,0,1,0,0,0
97,Shawn Bray,2026-09-08,1,0,0,0,0,0,0,0,0,0,0,0,0
206,Josh Astle,2026-09-08,2,0,0,0,0,0,0,0,0,0,0,0,0
679,Enzo Missio,2026-09-08,2,0,0,0,0,0,0,0,0,0,0,0,0
389,Josh Astle,2026-09-07,1,0,0,0,0,0,0,0,0,0,0,0,0
666,Jordon Eggleston,2026-09-07,1,1,0,0,0,0,0,0,0,1,0,0,0
649,Jason Minor,2026-09-07,1,0,0,0,0,0,0,0,0,0,0,0,0
530,Nick Nuaym,2026-09-07,1,0,0,0,0,0,0,0,0,0,0,0,0
700,Gregory Auguste,2026-09-07,2,1,0,0,0,0,0,0,1,0,1,0,0
96,Ricardo Niño,2026-09-07,1,0,0,0,0,0,0,0,1,0,0,1,0
83,JT Atwal,2026-09-07,1,0,0,0,0,0,0,0,0,0,0,0,0
718,Kevin Hu,2026-09-07,2,0,0,0,0,0,0,0,1,0,1,0,0
460,Andrew Maksymchuk,2026-09-07,1,0,0,0,0,0,0,0,0,0,0,0,0
670,Abigail Nolasco,2026-09-06,1,0,0,0,0,0,0,0,0,0,0,0,0
142,Lucija Bitunjac,2026-09-06,1,0,0,0,0,0,0,0,0,0,0,0,0
168,Jason Minor,2026-09-06,1,0,0,0,0,0,0,0,0,0,0,0,0
106,Nick Nuaym,2026-09-06,1,0,0,0,0,0,0,0,0,0,0,0,0
492,Kaisher von Wahl,2026-09-06,1,0,0,0,0,0,0,0,1,0,1,0,0
24,Ricardo Niño,2026-09-06,2,0,0,0,1,1,0,0,0,0,0,0,0
781,Kaisher von Wahl,2026-09-05,1,0,0,0,0,0,0,0,0,0,0,0,0
414,Andrew Maksymchuk,2026-09-05,2,0,0,0,0,0,0,0,0,0,0,0,0
749,Paul Furtuna,2026-09-05,3,0,0,0,0,0,0,0,0,0,0,0,0
559,Josh Astle,2026-09-05,1,0,0,0,0,0,0,0,0,0,0,0,0
396,Kevin Hu,2026-09-05,2,1,0,0,0,0,1,0,1,0,0,0,0
415,Lucija Bitunjac,2026-09-05,1,0,0,0,0,1,0,0,0,0,0,0,0
608,Abigail Nolasco,2026-09-05,2,0,0,0,0,0,0,0,0,0,0,0,0
708,Shawn Bray,2026-09-05,1,0,0,0,0,0,0,0,0,0,0,0,0
796,Nick Nuaym,2026-09-05,1,0,0,0,0,1,0,0,0,0,0,0,0
585,Jason Minor,2026-09-05,1,0,0,0,0,0,0,0,0,0,0,0,0
552,PJ Jensen,2026-09-04,2,1,0,0,0,0,0,0,1,1,0,0,0
767,Nick Nuaym,2026-09-04,1,0,0,0,0,0,0,0,0,0,0,0,0
751,Peter Kovac,2026-09-04,3,1,0,0,0,0,0,1,1,0,0,0,0
267,Paul Patlur,2026-09-04,1,0,0,0,0,0,0,0,0,0,0,0,0
58,Gregory Auguste,2026-09-04,1,1,0,0,0,0,0,0,0,0,0,0,0
18,Abigail Nolasco,2026-09-04,3,0,0,0,0,0,0,0,0,1,0,0,0
689,Olivier Auguste,2026-09-04,1,0,0,0,0,0,0,0,1,0,0,1,0
803,Michael Mkrtichyan,2026-09-04,1,0,0,0,0,0,0,0,0,0,0,0,0
376,Kaisher von Wahl,2026-09-04,1,0,0,0,0,0,0,0,0,0,0,0,0
411,Enzo Missio,2026-09-04,1,0,1,0,0,0,0,0,1,0,0,0,0
395,JT Atwal,2026-09-04,1,1,0,0,0,0,0,0,0,0,0,0,0
252,Josh Astle,2026-09-04,2,0,0,0,0,0,0,0,1,1,0,0,0
201,Ricardo Niño,2026-09-04,2,0,0,0,0,0,0,0,0,0,0,0,0
120,Abigail Nolasco,2026-09-03,1,0,0,0,0,1,0,0,0,0,0,0,0
606,Enzo Missio,2026-09-03,2,0,0,0,0,0,0,0,0,0,0,0,0
793,Jason Minor,2026-09-03,1,0,0,0,0,0,0,0,0,0,0,0,0
297,Jordon Eggleston,2026-09-03,1,1,0,0,0,0,0,0,1,0,1,0,0
10,PJ Jensen,2026-09-03,2,0,0,0,0,0,0,0,0,0,1,1,0
271,Shawn Bray,2026-09-03,1,0,0,0,0,0,0,0,0,0,0,0,0
743,Peter Kovac,2026-09-03,1,1,0,0,0,0,0,0,0,1,0,0,0
532,Ricardo Niño,2026-09-03,2,1,0,0,0,0,0,0,0,0,0,0,0
760,Bron Novak,2026-09-03,1,0,0,0,0,0,0,0,0,0,0,0,0
392,Gregory Auguste,2026-09-03,3,1,0,0,0,0,0,1,0,0,1,1,0
359,Josh Astle,2026-09-03,3,1,0,0,0,0,0,1,0,0,0,0,0
372,Lucija Bitunjac,2026-09-03,1,0,0,0,0,0,0,0,0,0,0,0,0
597,Gracie Schulte,2026-09-02,1,1,0,0,0,0,0,1,0,0,0,0,0
461,Josh Astle,2026-09-02,1,0,0,0,0,1,0,0,0,0,0,0,0
627,Gregory Auguste,2026-09-02,1,0,0,0,0,0,0,0,0,0,0,0,0
575,Enzo Missio,2026-09-02,1,0,0,0,0,0,0,0,0,0,0,0,0
493,Abigail Nolasco,2026-09-02,2,1,0,0,0,0,0,0,0,0,0,0,0
663,Paul Furtuna,2026-09-02,1,0,0,0,0,0,0,0,0,0,0,0,0
281,Peter Kovac,2026-09-02,1,0,0,0,0,0,0,0,0,0,0,0,0
745,Ricardo Niño,2026-09-02,2,0,0,0,0,0,0,0,0,0,0,0,0
742,Jason Minor,2026-09-02,2,0,0,0,0,0,0,0,0,0,0,0,0
55,Kaisher von Wahl,2026-09-02,1,0,0,0,1,0,0,0,1,0,0,0,0
280,PJ Jensen,2026-09-02,1,0,0,0,0,0,0,0,0,0,0,0,0
248,JT Atwal,2026-09-02,2,0,0,0,0,0,0,0,0,0,0,0,0
44,Peter Kovac,2026-09-01,1,0,0,0,0,0,0,0,0,0,0,0,0
494,Lucija Bitunjac,2026-09-01,1,0,0,0,0,0,0,0,0,0,0,0,0
787,Michael Mkrtichyan,2026-09-01,2,2,0,0,0,0,0,0,0,0,0,0,0
21,Ricardo Niño,2026-09-01,1,0,0,0,0,0,0,0,0,0,0,0,0
329,PJ Jensen,2026-09-01,4,2,0,0,2,2,0,0,0,0,0,0,0
615,Enzo Missio,2026-09-01,1,0,0,0,0,0,0,0,1,0,0,0,0
736,JT Atwal,2026-09-01,1,1,0,0,0,0,0,0,0,0,0,0,0
772,Bron Novak,2026-09-01,1,0,0,0,0,0,0,0,0,0,0,0,0
467,Jordon Eggleston,2026-09-01,1,1,0,0,0,0,0,0,1,0,0,0,0
360,Nick Nuaym,2026-09-01,1,0,0,0,0,0,0,0,0,0,0,0,0
618,Gregory Auguste,2026-09-01,1,0,0,0,1,0,0,0,0,0,0,0,0
381,Jason Minor,2026-09-01,2,1,0,0,0,0,0,0,0,1,0,0,0
569,Abigail Nolasco,2026-09-01,4,0,0,0,0,2,0,0,1,0,0,0,0
614,Paul Furtuna,2026-08-31,1,1,0,0,1,0,0,0,0,0,1,0,0
602,Michael Mkrtichyan,2026-08-31,1,1,0,0,0,0,0,0,1,0,0,0,0
605,Jordon Eggleston,2026-08-31,1,0,0,0,0,0,0,0,0,0,0,0,0
336,Hayden Poulter,2026-08-31,6,0,0,0,0,4,1,2,0,0,1,0,0
220,Enzo Missio,2026-08-31,1,0,0,0,0,0,0,0,0,0,0,0,0
570,Gregory Auguste,2026-08-31,1,0,0,0,0,0,0,0,1,1,0,0,0
73,Paul Patlur,2026-08-31,1,0,0,0,0,0,0,0,0,0,0,0,0
254,Peter Kovac,2026-08-31,1,0,0,0,0,0,0,0,0,1,0,0,0
182,Jason Minor,2026-08-31,2,1,0,0,0,0,0,0,0,0,0,0,0
2,Kevin Hu,2026-08-31,2,0,0,0,0,0,0,0,0,0,0,0,0
15,PJ Jensen,2026-08-31,2,1,0,0,0,0,0,0,0,0,0,0,0
276,Abigail Nolasco,2026-08-31,1,1,0,0,0,0,0,0,0,1,1,1,0
420,Josh Astle,2026-08-31,1,0,1,0,0,0,0,1,0,0,0,0,0
109,Jordon Eggleston,2026-08-30,1,0,0,0,0,0,0,0,0,0,0,0,0
556,Jason Minor,2026-08-30,1,0,0,0,0,0,0,0,0,0,0,0,0
293,Enzo Missio,2026-08-30,1,0,0,0,0,0,0,0,0,0,0,0,0
129,Ricardo Niño,2026-08-30,3,1,1,0,0,0,0,2,0,0,0,0,0
118,Kaisher von Wahl,2026-08-30,2,1,0,0,1,0,0,1,0,0,0,0,0
616,Andrew Maksymchuk,2026-08-30,1,0,0,0,0,0,0,1,1,0,0,0,0
765,Josh Astle,2026-08-30,3,1,0,0,0,0,0,0,0,0,0,0,0
777,Enzo Missio,2026-08-29,1,0,0,0,0,0,0,0,0,0,0,0,0
34,Kevin Hu,2026-08-29,3,0,0,0,0,0,0,0,0,0,0,0,0
99,Andrew Maksymchuk,2026-08-29,1,0,0,0,0,0,0,0,0,0,0,0,0
444,Jason Minor,2026-08-29,2,0,0,0,0,0,0,0,0,0,0,0,0
250,Gregory Auguste,2026-08-29,2,1,0,0,0,0,0,0,0,1,0,0,0
218,Ricardo Niño,2026-08-29,1,1,0,0,0,0,0,0,0,0,0,0,0
374,Kaisher von Wahl,2026-08-29,3,1,1,0,2,0,0,0,1,0,0,0,0
691,Paul Furtuna,2026-08-29,1,0,0,0,0,0,0,0,0,0,0,0,0
422,Michael Mkrtichyan,2026-08-29,1,0,0,0,0,0,0,0,0,0,0,0,0
739,PJ Jensen,2026-08-29,2,0,1,0,0,0,0,1,0,0,0,0,0
286,Jason Minor,2026-08-28,2,1,0,0,0,0,0,0,0,0,0,0,0
22,Andrew Maksymchuk,2026-08-28,1,0,0,0,0,0,0,0,0,0,0,0,0
399,Michael Mkrtichyan,2026-08-28,2,1,0,0,1,0,0,0,0,0,0,0,0
221,Nick Nuaym,2026-08-28,1,1,0,0,0,0,0,0,0,0,0,0,0
143,Bron Novak,2026-08-28,3,1,0,0,0,0,0,0,0,0,0,0,0
154,Gregory Auguste,2026-08-28,4,0,0,0,0,0,0,0,0,0,0,0,0
682,Ricardo Niño,2026-08-28,1,1,0,0,1,0,0,0,0,0,0,0,0
42,Lucija Bitunjac,2026-08-28,1,0,0,0,0,0,0,0,0,0,0,0,0
380,Paul Furtuna,2026-08-28,2,0,0,0,0,0,0,0,0,0,0,0,0
676,Kaisher von Wahl,2026-08-28,1,0,0,0,0,0,0,1,0,0,0,1,0
181,Shawn Bray,2026-08-28,1,0,0,0,0,0,0,0,0,0,0,0,0
675,PJ Jensen,2026-08-28,2,0,0,0,0,1,0,0,0,0,0,0,0
205,Jason Minor,2026-08-27,3,1,0,0,0,0,0,0,1,0,1,0,0
86,PJ Jensen,2026-08-27,1,0,0,0,0,1,0,0,0,0,0,0,0
289,Gregory Auguste,2026-08-27,1,0,0,0,0,0,0,0,0,0,0,0,0
580,Bron Novak,2026-08-27,2,0,0,0,0,0,0,0,0,0,0,0,0
178,Paul Furtuna,2026-08-27,1,0,0,0,0,0,0,0,0,0,0,0,0
365,Abigail Nolasco,2026-08-27,3,0,0,0,0,1,0,0,0,0,0,0,0
314,Zan Strmec,2026-08-27,1,0,0,0,0,0,0,0,0,0,0,0,0
623,Lucija Bitunjac,2026-08-27,1,0,0,0,0,0,0,0,0,0,0,0,0
230,Josh Astle,2026-08-27,1,0,0,0,0,0,0,0,0,0,0,0,0
75,Cody Guevara,2026-08-26,1,0,0,0,0,0,0,0,0,0,0,0,0
522,Christopher Garzon,2026-08-26,1,0,1,0,0,0,0,0,0,0,0,0,0
619,Olivier Auguste,2026-08-26,1,1,0,0,0,0,0,0,0,0,0,0,0
657,Lucija Bitunjac,2026-08-26,1,1,0,0,0,0,0,1,0,0,0,0,0
340,Hayden Poulter,2026-08-26,4,0,0,0,0,2,0,1,0,0,0,0,0
748,Paul Furtuna,2026-08-26,2,1,1,0,2,0,0,1,0,0,0,0,0
325,PJ Jensen,2026-08-26,5,1,0,0,0,0,0,1,1,1,0,0,0
635,Gregory Auguste,2026-08-26,3,1,0,0,0,0,0,1,0,0,0,0,0
103,Josh Astle,2026-08-26,2,0,0,0,0,2,0,0,0,0,0,0,0
108,Enzo Missio,2026-08-26,1,1,0,0,0,0,0,0,0,1,0,0,0
517,PJ Jensen,2026-08-25,1,0,0,0,0,0,0,0,0,0,0,0,0
459,Gregory Auguste,2026-08-25,3,0,0,0,0,0,0,0,0,0,0,0,0
774,Michael Mkrtichyan,2026-08-25,2,2,0,0,0,0,0,1,0,0,0,0,0
173,Zan Strmec,2026-08-25,2,0,0,0,0,0,0,0,0,0,0,0,0
571,Jordon Eggleston,2026-08-25,3,0,0,0,0,0,0,0,0,0,0,0,0
156,Nick Nuaym,2026-08-25,1,1,1,0,0,0,0,0,0,0,0,0,0
560,Kaisher von Wahl,2026-08-25,1,0,0,0,0,0,0,0,0,0,0,0,0
583,Paul Furtuna,2026-08-25,5,0,0,0,0,0,0,0,0,0,0,0,0
241,Enzo Missio,2026-08-25,6,1,0,0,0,0,0,0,0,1,1,0,0
658,Cody Guevara,2026-08-25,2,0,0,0,0,0,0,0,0,0,0,0,0
634,Lucija Bitunjac,2026-08-25,5,0,0,0,0,1,0,0,0,2,0,0,0
584,Kevin Hu,2026-08-25,4,1,0,0,0,0,0,0,0,1,0,0,0
13,Bron Novak,2026-08-25,2,1,0,0,0,0,0,0,0,0,0,0,0
317,Josh Astle,2026-08-25,1,0,0,0,0,0,0,0,0,0,0,0,0
478,Abigail Nolasco,2026-08-25,1,1,0,0,0,0,0,0,0,0,0,0,0
183,Abigail Nolasco,2026-08-24,2,1,0,0,0,0,0,0,0,1,0,0,0
557,Shawn Bray,2026-08-24,1,0,0,0,0,0,0,0,0,0,0,0,0
465,PJ Jensen,2026-08-24,1,1,0,0,0,0,0,0,0,0,0,0,0
79,Kevin Hu,2026-08-24,2,2,0,0,0,0,0,0,1,1,0,0,0
704,Gregory Auguste,2026-08-24,1,1,0,0,0,0,0,1,0,0,0,0,0
720,Paul Furtuna,2026-08-24,3,0,1,1,1,0,0,0,0,0,1,1,0
668,Bron Novak,2026-08-24,1,0,0,0,0,1,0,0,0,0,0,0,0
163,Abigail Nolasco,2026-08-23,2,0,0,0,0,1,0,0,0,0,0,0,0
703,Bron Novak,2026-08-23,1,0,0,0,0,0,0,0,1,0,0,0,0
7,Kevin Hu,2026-08-22,1,1,0,0,0,0,0,0,0,0,0,0,0
5,Paul Furtuna,2026-08-22,4,0,0,0,0,1,0,0,0,0,0,0,0
277,Josh Astle,2026-08-22,2,1,0,0,0,1,0,0,1,0,0,0,0
87,Zan Strmec,2026-08-22,1,0,0,0,1,0,0,0,0,1,0,0,0
48,Abigail Nolasco,2026-08-22,4,2,0,0,2,0,0,0,0,0,0,0,0
677,PJ Jensen,2026-08-22,1,0,0,0,0,0,0,0,0,0,0,0,0
330,Jordon Eggleston,2026-08-21,1,0,0,0,0,0,0,0,0,0,1,0,0
51,Lucija Bitunjac,2026-08-21,2,0,0,0,0,0,0,0,0,0,0,0,0
495,Kevin Hu,2026-08-21,1,0,0,0,1,0,0,0,0,0,0,0,0
172,PJ Jensen,2026-08-21,5,1,0,0,0,1,0,0,0,0,0,0,0
56,Paul Furtuna,2026-08-21,1,0,0,0,0,0,0,0,0,0,0,0,0
141,Shawn Bray,2026-08-21,3,1,0,0,1,0,0,0,0,0,0,0,0
237,Abigail Nolasco,2026-08-21,4,0,0,0,0,1,0,0,0,0,0,0,0
669,Gregory Auguste,2026-08-21,2,0,0,0,0,0,0,0,0,0,0,0,0
696,Andrew Maksymchuk,2026-08-21,1,0,0,0,0,0,0,0,0,0,0,0,0
626,Olivier Auguste,2026-08-21,1,0,0,0,0,0,0,0,0,0,0,0,0
255,Josh Astle,2026-08-21,4,0,0,0,0,2,0,0,0,0,0,0,0
713,Andrew Maksymchuk,2026-08-20,4,0,0,0,0,0,0,0,0,0,0,0,0
384,Paul Furtuna,2026-08-20,3,0,0,0,1,0,0,0,0,0,0,0,0
671,Enzo Missio,2026-08-20,1,0,0,0,0,0,0,0,0,0,0,0,0
43,PJ Jensen,2026-08-20,3,2,1,0,0,0,0,0,0,0,0,0,0
253,Kevin Hu,2026-08-20,3,1,0,0,0,0,0,0,1,0,0,0,0
740,Lucija Bitunjac,2026-08-20,1,0,0,0,0,0,0,0,0,0,0,0,0
167,Bron Novak,2026-08-20,1,0,0,0,0,0,0,0,0,0,0,0,0
342,Peter Kovac,2026-08-20,1,0,0,0,0,0,0,0,0,0,0,1,0
510,Jordon Eggleston,2026-08-20,1,0,0,0,0,0,0,0,0,0,0,0,0
32,Abigail Nolasco,2026-08-20,8,1,0,0,1,1,0,0,0,0,0,0,0
226,Cody Guevara,2026-08-20,1,0,0,0,0,0,0,0,0,0,0,0,0
165,Gregory Auguste,2026-08-20,4,2,0,0,0,1,0,0,1,1,0,0,0
135,Anna Schenk,2026-08-20,2,1,0,0,0,0,0,0,0,0,0,0,0
127,Gregory Auguste,2026-08-19,1,1,0,0,0,0,0,0,0,0,0,0,0
581,Shawn Bray,2026-08-19,1,0,0,0,0,1,0,0,0,0,0,0,0
25,Cody Guevara,2026-08-19,1,0,0,0,0,0,0,0,0,0,0,0,0
133,Lucija Bitunjac,2026-08-19,5,2,0,0,0,0,0,0,0,0,0,0,0
714,Andrew Maksymchuk,2026-08-19,1,0,0,0,0,0,0,0,0,0,0,0,0
794,Enzo Missio,2026-08-19,1,1,0,0,1,0,0,0,0,0,0,0,0
76,Bron Novak,2026-08-19,1,0,0,0,0,0,0,0,0,0,0,0,0
50,Nick Nuaym,2026-08-19,2,0,0,0,0,1,0,0,0,0,0,0,0
725,Jordon Eggleston,2026-08-19,3,2,0,0,0,0,0,0,1,1,0,0,0
38,PJ Jensen,2026-08-19,3,1,0,0,0,0,0,0,0,0,0,0,0
202,Olivier Auguste,2026-08-19,2,0,0,0,0,0,0,0,0,0,0,0,0
802,Abigail Nolasco,2026-08-19,1,0,0,0,0,0,0,0,0,0,0,0,0
191,Anna Schenk,2026-08-18,1,0,0,0,0,0,0,0,0,0,0,0,0
188,Paul Furtuna,2026-08-18,2,1,0,0,1,0,0,1,0,1,0,0,0
654,Abigail Nolasco,2026-08-18,2,0,0,0,0,0,0,0,0,0,0,0,0
648,Olivier Auguste,2026-08-18,2,0,0,0,0,0,0,0,0,0,0,0,0
257,PJ Jensen,2026-08-18,2,1,0,0,1,0,0,0,0,0,1,1,0
225,Andrew Maksymchuk,2026-08-18,1,0,0,0,0,0,0,0,0,0,0,0,0
488,Kevin Hu,2026-08-18,2,2,0,0,0,0,0,0,0,0,1,0,0
549,Peter Kovac,2026-08-18,5,1,0,0,0,0,0,0,0,1,0,0,0
194,Nick Nuaym,2026-08-18,2,0,0,0,0,0,0,0,0,0,0,0,0
116,Bron Novak,2026-08-18,1,0,0,0,0,0,0,0,0,0,0,0,0
662,Shawn Bray,2026-08-18,1,0,0,0,0,0,0,0,0,0,0,0,0
166,Paul Furtuna,2026-08-17,2,2,0,0,2,0,0,2,0,0,0,0,0
640,Abigail Nolasco,2026-08-17,1,0,0,0,0,0,0,0,0,0,0,0,0
599,Christopher Garzon,2026-08-17,2,0,0,0,1,0,0,0,0,1,0,0,0
538,PJ Jensen,2026-08-17,3,0,0,0,1,1,0,1,1,0,0,0,0
177,Andrew Maksymchuk,2026-08-17,1,0,0,0,0,0,0,0,0,0,0,0,0
125,Peter Kovac,2026-08-17,3,2,0,0,0,0,0,1,1,0,0,0,0
313,Kevin Hu,2026-08-17,2,1,0,0,0,0,0,0,0,0,0,0,0
769,Abigail Nolasco,2026-08-16,2,1,0,0,0,0,0,0,0,0,0,0,0
617,Bron Novak,2026-08-16,1,1,0,0,0,0,0,0,0,0,0,0,0
215,Nick Nuaym,2026-08-16,3,0,0,0,0,0,0,0,0,0,0,0,0
397,Andrew Maksymchuk,2026-08-16,2,0,0,0,0,0,0,0,0,0,0,0,0
744,Gregory Auguste,2026-08-16,1,0,0,0,0,0,0,0,0,0,0,0,0
647,Abigail Nolasco,2026-08-15,1,1,0,0,0,0,0,0,0,0,0,0,0
265,Cody Guevara,2026-08-15,3,2,0,0,0,0,0,0,1,0,0,0,0
504,Paul Furtuna,2026-08-15,4,2,1,0,2,0,1,0,1,1,1,1,0
28,Lucija Bitunjac,2026-08-15,3,0,0,0,0,0,0,0,0,0,0,0,0
12,Shawn Bray,2026-08-15,1,0,0,0,1,0,0,0,0,1,0,0,0
496,Enzo Missio,2026-08-15,1,0,0,0,0,0,0,0,0,0,0,0,0
753,Gregory Auguste,2026-08-15,3,1,0,0,0,0,0,1,0,1,0,0,0
39,Andrew Maksymchuk,2026-08-15,1,0,0,0,0,0,0,1,0,0,0,0,0
139,Peter Kovac,2026-08-15,1,0,0,0,0,0,0,0,0,0,0,0,0
185,PJ Jensen,2026-08-15,1,1,0,0,0,0,1,0,1,0,0,0,0
432,Nick Nuaym,2026-08-15,1,0,0,0,0,0,0,0,0,0,0,0,0
196,Kevin Hu,2026-08-15,2,0,0,0,0,0,0,0,0,0,0,0,0
655,Jordon Eggleston,2026-08-15,1,0,0,0,0,0,0,0,0,0,0,0,0
304,Enzo Missio,2026-08-14,1,1,0,0,0,0,0,1,0,0,0,0,0
509,Nick Nuaym,2026-08-14,1,0,0,0,0,0,0,0,0,0,0,0,0
797,Hayden Poulter,2026-08-14,1,0,0,0,0,0,0,0,0,0,0,0,0
223,Abigail Nolasco,2026-08-14,2,2,0,0,0,0,0,0,0,1,2,0,0
598,Christopher Garzon,2026-08-14,1,0,0,0,0,0,0,0,0,0,0,0,0
653,Cody Guevara,2026-08-14,3,1,0,0,0,0,0,0,1,0,0,0,0
350,Shawn Bray,2026-08-14,1,0,0,0,0,0,0,0,0,0,0,0,0
169,Andrew Maksymchuk,2026-08-14,1,0,0,0,1,1,0,0,0,0,0,0,0
52,PJ Jensen,2026-08-14,3,2,1,0,1,0,0,0,1,0,1,0,0
573,Paul Furtuna,2026-08-14,3,1,1,0,1,0,0,0,1,0,0,0,0
783,Peter Kovac,2026-08-14,5,0,0,0,0,1,0,0,0,0,0,0,0
468,Gregory Auguste,2026-08-14,2,2,0,0,0,0,0,0,1,1,0,0,0
186,Andrew Maksymchuk,2026-08-13,2,1,0,0,1,0,0,0,0,0,0,1,0
477,Irtaza Hussain,2026-08-13,3,0,0,0,0,0,0,0,0,0,0,0,0
292,Enzo Missio,2026-08-13,1,0,0,0,0,0,0,0,0,0,0,0,0
505,Abigail Nolasco,2026-08-13,1,0,0,0,0,1,0,0,0,0,0,0,0
353,Nick Nuaym,2026-08-13,3,0,0,0,0,1,0,0,0,0,0,0,0
65,Cody Guevara,2026-08-13,1,1,0,0,1,0,0,0,0,0,0,0,0
564,Gregory Auguste,2026-08-13,5,2,1,0,0,0,0,1,0,1,0,0,0
730,Hayden Poulter,2026-08-13,2,0,0,0,0,0,0,0,0,0,0,0,0
413,Paul Furtuna,2026-08-13,1,0,0,0,0,0,0,0,0,0,0,0,0
20,Peter Kovac,2026-08-13,2,2,0,0,0,0,0,0,0,0,0,0,0
311,Christopher Garzon,2026-08-13,1,0,0,0,0,0,0,0,0,0,0,0,0
719,Gregory Auguste,2026-08-12,1,0,0,0,0,0,0,0,0,0,0,0,0
721,PJ Jensen,2026-08-12,2,1,1,0,0,0,1,0,1,0,1,0,0
695,Abigail Nolasco,2026-08-12,1,0,0,0,0,0,0,0,0,1,0,0,0
0,Peter Kovac,2026-08-12,1,1,0,0,0,0,0,0,0,0,0,0,0
153,Cody Guevara,2026-08-12,2,1,0,0,0,0,0,0,0,0,0,0,0
479,Bron Novak,2026-08-12,2,1,0,0,0,0,0,0,1,0,0,0,0
26,Irtaza Hussain,2026-08-12,4,0,0,0,0,0,0,0,0,0,0,0,0
366,Lucija Bitunjac,2026-08-12,3,1,0,0,0,0,0,0,0,0,0,0,0
303,Nick Nuaym,2026-08-12,1,0,0,0,0,0,0,0,0,0,0,0,0
425,Shawn Bray,2026-08-12,1,0,0,0,0,0,0,0,0,0,0,0,0
287,Enzo Missio,2026-08-12,2,0,0,0,0,0,0,0,0,0,0,0,0
473,Paul Furtuna,2026-08-12,1,1,1,0,1,0,0,0,0,0,0,0,0
151,PJ Jensen,2026-08-11,3,2,0,0,0,0,0,0,2,0,2,1,0
446,Paul Furtuna,2026-08-11,4,1,1,0,1,0,0,0,0,0,1,0,0
119,Peter Kovac,2026-08-11,5,0,0,0,0,0,0,0,0,1,1,0,0
117,Gregory Auguste,2026-08-11,1,0,0,0,1,0,0,0,0,0,0,0,0
746,Cody Guevara,2026-08-11,1,0,0,0,0,0,0,0,0,0,0,0,0
90,Jordon Eggleston,2026-08-11,1,1,0,0,0,0,0,0,1,0,0,0,0
101,Bron Novak,2026-08-11,1,0,0,0,0,0,0,0,0,0,0,0,0
644,Nick Nuaym,2026-08-11,2,1,0,0,0,0,0,0,0,0,0,0,0
319,Enzo Missio,2026-08-11,2,0,0,0,0,2,0,0,0,0,0,0,0
501,Irtaza Hussain,2026-08-10,1,1,0,0,0,0,0,0,0,1,0,0,0
184,Kaisher von Wahl,2026-08-10,1,0,1,0,0,0,0,1,0,0,0,0,0
497,Peter Kovac,2026-08-10,1,0,0,0,0,1,0,0,0,0,0,0,0
136,PJ Jensen,2026-08-10,1,0,0,0,0,0,0,0,0,0,0,0,0
418,Gregory Auguste,2026-08-10,2,0,0,0,0,0,0,0,0,0,1,0,0
373,Shawn Bray,2026-08-10,2,0,0,0,0,0,0,0,0,2,0,1,0
35,Enzo Missio,2026-08-10,1,1,0,0,0,0,0,0,1,0,0,0,0
113,Cody Guevara,2026-08-10,1,1,0,0,1,0,0,0,1,1,0,0,0
756,Bron Novak,2026-08-10,2,0,0,0,0,1,0,0,0,0,0,0,0
247,Andrew Maksymchuk,2026-08-09,4,0,0,1,1,0,1,0,0,1,0,0,0
263,Jordon Eggleston,2026-08-09,3,0,0,0,0,0,0,0,0,0,0,0,0
587,Lucija Bitunjac,2026-08-09,1,0,0,0,0,0,0,0,0,0,0,0,0
437,Hayden Poulter,2026-08-09,1,0,0,0,0,1,0,0,0,0,0,0,0
450,Zan Strmec,2026-08-09,2,0,0,0,0,0,0,0,0,0,0,0,0
233,Nick Nuaym,2026-08-08,3,0,0,0,0,0,0,0,0,0,0,0,0
187,PJ Jensen,2026-08-08,2,1,0,0,1,0,0,0,0,0,0,0,0
434,Kaisher von Wahl,2026-08-08,2,0,0,0,1,0,0,0,0,0,0,0,0
269,Andrew Maksymchuk,2026-08-08,2,0,0,1,1,0,0,0,1,0,0,0,0
328,Lucija Bitunjac,2026-08-08,3,0,0,0,0,0,1,0,1,0,0,0,0
170,Jordon Eggleston,2026-08-08,4,2,0,0,0,0,0,1,0,0,0,0,0
275,Kevin Hu,2026-08-08,2,0,0,0,0,0,0,0,0,0,0,0,0
453,Gregory Auguste,2026-08-08,5,0,0,0,0,0,0,0,0,0,0,0,0
665,Irtaza Hussain,2026-08-08,1,0,0,0,0,0,0,0,0,0,0,0,0
733,PJ Jensen,2026-08-07,3,2,1,0,0,0,0,1,2,1,0,0,0
378,Paul Furtuna,2026-08-07,1,0,0,0,0,0,0,0,0,0,0,0,0
406,Jordon Eggleston,2026-08-07,1,0,0,0,0,0,0,0,0,0,0,0,0
683,Andrew Maksymchuk,2026-08-07,1,0,0,0,0,1,0,1,1,0,0,0,0
651,Lucija Bitunjac,2026-08-07,2,0,0,0,0,0,0,0,0,0,0,0,0
386,Gregory Auguste,2026-08-07,3,1,0,0,0,0,0,0,0,1,0,0,0
424,Hayden Poulter,2026-08-07,1,0,0,0,0,0,0,0,0,0,0,0,0
164,Peter Kovac,2026-08-06,1,0,0,0,0,0,0,0,0,0,0,0,0
219,Enzo Missio,2026-08-06,1,1,1,0,0,0,0,0,0,0,0,0,0
678,Gregory Auguste,2026-08-06,2,0,0,0,0,2,0,0,0,0,0,0,0
436,Irtaza Hussain,2026-08-06,2,0,0,0,0,1,0,0,0,0,0,0,0
438,Lucija Bitunjac,2026-08-06,1,1,0,0,0,0,0,0,0,0,0,0,0
576,Jordon Eggleston,2026-08-06,3,0,0,0,0,0,0,0,0,0,1,0,0
667,Cody Guevara,2026-08-06,1,1,0,0,0,0,0,1,0,0,0,0,0
458,PJ Jensen,2026-08-06,4,3,0,0,0,0,0,1,2,0,0,0,0
588,Bron Novak,2026-08-06,2,0,0,0,0,0,0,0,1,0,0,0,0
591,Hayden Poulter,2026-08-06,2,0,0,0,0,0,0,0,0,0,0,0,0
364,Shawn Bray,2026-08-05,2,0,0,0,0,0,0,0,0,0,0,0,0
331,Gregory Auguste,2026-08-05,1,1,0,0,0,0,0,0,1,0,0,0,0
228,Paul Furtuna,2026-08-05,1,0,0,0,0,0,0,0,0,0,0,0,0
491,Kevin Hu,2026-08-05,3,1,1,0,0,0,0,1,1,0,0,0,0
192,Andrew Maksymchuk,2026-08-05,1,0,0,0,0,0,0,0,0,0,0,0,0
95,Enzo Missio,2026-08-05,1,1,0,0,1,0,0,0,0,0,1,1,0
102,Zan Strmec,2026-08-05,1,0,0,0,0,0,0,0,0,0,0,0,0
4,PJ Jensen,2026-08-05,1,0,0,0,0,0,0,0,1,0,0,0,0
731,Cody Guevara,2026-08-05,3,1,0,0,0,0,0,0,2,0,1,0,0
93,Hayden Poulter,2026-08-05,1,0,0,0,0,0,0,0,0,0,0,0,0
705,Patricia Carroll,2026-08-04,1,0,0,0,0,0,0,0,0,0,0,0,0
356,Paul Furtuna,2026-08-04,2,1,1,0,0,1,0,1,1,0,0,0,0
527,Irtaza Hussain,2026-08-04,4,0,0,0,0,0,0,0,0,0,0,0,0
540,Kevin Hu,2026-08-04,3,1,0,0,0,0,0,0,2,0,0,0,0
435,Peter Kovac,2026-08-04,7,1,0,0,0,0,0,0,0,0,1,0,0
762,Bron Novak,2026-08-04,1,0,0,0,0,0,0,0,0,0,0,0,0
775,PJ Jensen,2026-08-04,4,2,0,0,0,0,1,0,1,0,1,0,0
357,Olivier Auguste,2026-08-04,4,0,0,0,0,0,0,0,0,0,0,0,0
645,Lucija Bitunjac,2026-08-04,5,0,0,0,0,0,0,0,0,0,0,0,0
398,Abigail Nolasco,2026-08-04,2,0,0,0,0,0,0,0,0,0,0,0,0
160,Enzo Missio,2026-08-04,3,1,0,0,0,0,0,0,1,1,0,0,0
637,Jordon Eggleston,2026-08-04,3,0,0,0,0,0,0,0,0,0,0,0,0
232,Nick Nuaym,2026-08-04,8,0,0,0,0,0,0,0,0,0,0,0,0
485,Gregory Auguste,2026-08-04,2,0,0,0,0,0,0,0,0,0,0,0,0
687,Andrew Maksymchuk,2026-08-04,1,0,0,0,0,0,0,0,0,0,0,0,0
224,Cody Guevara,2026-08-04,11,1,0,0,0,0,0,1,0,0,0,0,0
57,Josh Astle,2026-08-04,2,0,0,0,0,0,0,0,0,0,0,0,0
763,Christopher Garzon,2026-08-03,1,1,0,0,0,0,0,0,0,0,0,0,0
94,Jordon Eggleston,2026-08-03,1,0,0,0,0,1,0,0,0,0,0,0,0
600,Irtaza Hussain,2026-08-03,1,0,0,0,0,0,0,0,0,0,0,0,0
217,Olivier Auguste,2026-08-03,1,0,0,0,0,0,0,0,0,0,0,0,0
266,Peter Kovac,2026-08-03,2,1,0,0,0,0,0,0,0,1,0,0,0
394,Josh Astle,2026-08-03,2,0,0,0,0,0,0,0,0,0,0,0,0
110,Enzo Missio,2026-08-03,1,1,0,0,0,0,0,0,0,0,0,0,0
369,Gregory Auguste,2026-08-03,1,0,0,0,0,0,0,0,1,1,0,0,0
503,Andrew Maksymchuk,2026-08-02,1,0,0,0,0,0,0,0,0,0,0,0,0
610,Christopher Garzon,2026-08-02,1,1,0,0,1,0,0,0,0,0,0,0,0
159,Lucija Bitunjac,2026-08-01,1,0,0,0,0,0,0,1,0,0,0,0,0
572,Zan Strmec,2026-08-01,1,1,0,0,0,0,0,0,0,0,0,0,0
306,Gregory Auguste,2026-08-01,2,1,0,0,0,0,0,1,1,0,0,0,0
685,Cody Guevara,2026-08-01,1,1,0,0,0,0,0,0,1,0,0,1,0
393,Andrew Maksymchuk,2026-08-01,1,1,0,0,1,0,0,0,0,0,0,0,0
641,Peter Kovac,2026-07-31,5,0,0,0,0,1,0,0,0,0,0,0,0
784,Shawn Bray,2026-07-31,1,0,0,0,0,0,0,0,0,0,0,0,0
546,Jordon Eggleston,2026-07-31,4,0,0,0,0,0,0,0,0,0,0,0,0
346,PJ Jensen,2026-07-31,3,2,0,0,1,0,0,0,0,0,0,1,0
236,Gregory Auguste,2026-07-31,2,0,0,0,0,0,0,0,0,0,0,0,0
539,Gregory Auguste,2026-07-30,2,0,0,0,0,1,0,0,0,0,0,0,0
660,Shawn Bray,2026-07-30,2,0,0,0,0,0,0,0,0,0,0,0,0
326,Lucija Bitunjac,2026-07-30,1,1,0,0,0,0,0,1,1,0,0,0,0
199,Cody Guevara,2026-07-30,1,0,0,0,0,1,0,0,0,0,0,0,0
82,Peter Kovac,2026-07-30,1,0,0,0,0,0,0,0,0,0,0,0,0
786,Jordon Eggleston,2026-07-29,1,1,0,0,0,0,0,0,0,0,0,0,0
612,Nick Nuaym,2026-07-29,1,1,0,0,1,0,0,0,0,0,0,0,0
629,PJ Jensen,2026-07-29,1,1,0,0,1,0,0,0,0,0,0,0,0
312,Irtaza Hussain,2026-07-29,1,1,0,0,0,0,0,0,1,0,1,0,0
138,Cody Guevara,2026-07-29,1,1,0,0,0,0,1,0,1,0,0,0,0
324,Gregory Auguste,2026-07-29,1,0,0,0,0,1,0,0,0,0,0,0,0
17,Lucija Bitunjac,2026-07-29,3,2,0,0,0,0,0,1,0,1,0,0,0
402,Peter Kovac,2026-07-29,2,1,0,0,0,0,0,0,0,0,0,0,0
345,Bron Novak,2026-07-29,1,0,0,0,0,0,0,0,1,0,0,0,0
472,Christopher Garzon,2026-07-29,1,1,0,0,0,0,0,1,0,0,0,0,0
604,Enzo Missio,2026-07-29,1,1,0,0,0,0,0,0,0,0,0,0,0
137,Irtaza Hussain,2026-07-28,4,0,0,0,0,0,0,0,0,0,0,0,0
88,Shawn Bray,2026-07-28,1,0,0,0,0,0,0,0,0,0,0,0,0
639,PJ Jensen,2026-07-28,1,1,0,0,1,0,0,0,0,0,0,0,0
278,Enzo Missio,2026-07-28,2,0,0,0,0,0,0,0,0,0,1,0,0
391,Peter Kovac,2026-07-28,1,0,0,0,0,1,0,0,0,0,0,0,0
732,Jordon Eggleston,2026-07-28,3,2,0,0,0,0,0,0,0,1,0,0,0
179,Hayden Poulter,2026-07-28,1,0,0,0,0,1,0,0,0,0,0,0,0
433,Cody Guevara,2026-07-28,1,1,0,0,0,0,0,1,0,0,0,0,0
621,PJ Jensen,2026-07-27,1,0,0,0,0,0,0,0,0,0,0,0,0
688,Peter Kovac,2026-07-27,1,0,0,0,0,0,0,0,1,0,0,0,0
283,Gregory Auguste,2026-07-27,1,0,0,0,0,0,0,0,0,0,0,0,0
590,Hayden Poulter,2026-07-27,3,0,0,0,0,1,0,0,0,0,0,0,0
222,Jordon Eggleston,2026-07-27,1,0,0,0,0,0,0,0,0,0,0,0,0
673,Jordon Eggleston,2026-07-26,1,1,0,0,0,0,0,0,0,0,0,1,0
321,Kaisher von Wahl,2026-07-25,1,0,0,0,1,0,1,0,1,0,0,0,0
40,Nick Nuaym,2026-07-25,1,0,1,0,0,0,0,0,0,1,0,0,0
134,Ninad Magdum,2026-07-24,1,0,0,0,0,0,0,0,0,0,1,0,0
128,Abigail Nolasco,2026-07-24,1,1,0,0,0,0,0,0,0,0,0,0,0
544,Enzo Missio,2026-07-24,1,0,0,0,0,0,0,0,0,0,0,0,0
502,Gregory Auguste,2026-07-24,2,0,0,0,0,0,0,0,0,0,0,0,0
327,Lucija Bitunjac,2026-07-24,2,1,0,0,0,1,0,0,0,0,0,0,0
568,Kevin Hu,2026-07-24,2,2,0,0,0,0,0,0,0,0,1,0,0
596,Peter Kovac,2026-07-23,1,1,0,0,0,0,0,0,0,1,0,0,0
726,Enzo Missio,2026-07-23,1,1,0,0,1,0,0,1,0,0,1,0,0
251,Cody Guevara,2026-07-23,1,1,0,0,0,0,0,0,0,0,0,0,0
463,Irtaza Hussain,2026-07-23,2,0,0,0,0,0,0,0,0,0,0,0,0
445,Kevin Hu,2026-07-23,2,1,0,0,0,0,0,0,2,0,0,0,0
288,Lucija Bitunjac,2026-07-23,1,0,0,0,0,0,0,0,1,0,0,1,0
320,Gregory Auguste,2026-07-23,1,0,0,0,0,0,0,0,0,1,0,0,0
299,Nick Nuaym,2026-07-22,1,0,0,0,0,1,0,0,0,0,0,0,0
213,Irtaza Hussain,2026-07-22,1,1,0,0,0,0,0,0,0,0,0,0,0
711,Enzo Missio,2026-07-22,2,1,0,0,0,1,0,0,0,0,0,0,0
322,Zan Strmec,2026-07-22,1,1,0,0,0,0,0,0,0,0,0,0,0
469,Jordon Eggleston,2026-07-22,2,2,0,0,0,0,0,0,1,0,0,0,0
375,Peter Kovac,2026-07-22,1,0,0,0,0,0,0,0,0,0,0,0,0
343,Olivier Auguste,2026-07-22,1,1,0,0,0,0,0,0,0,0,0,0,0
699,Enzo Missio,2026-07-21,1,1,0,0,0,0,0,0,1,0,1,0,0
483,Peter Kovac,2026-07-21,2,1,0,0,0,0,0,1,0,0,0,0,0
638,Abigail Nolasco,2026-07-21,2,0,0,0,0,0,0,0,0,0,0,0,0
401,Lucija Bitunjac,2026-07-21,1,1,0,0,0,0,0,0,0,0,0,0,0
344,Irtaza Hussain,2026-07-20,2,1,0,0,0,1,0,0,0,0,0,0,0
47,Jordon Eggleston,2026-07-20,2,0,0,0,0,0,0,0,2,0,1,0,0
563,Gregory Auguste,2026-07-20,2,0,0,1,0,0,0,0,0,0,1,0,0
404,Nick Nuaym,2026-07-20,1,0,0,0,0,1,0,0,0,0,0,0,0
489,Olivier Auguste,2026-07-20,1,1,1,0,0,0,0,0,0,0,1,0,0
9,Abigail Nolasco,2026-07-19,1,1,0,0,0,0,0,0,0,0,0,0,0
451,Irtaza Hussain,2026-07-18,1,1,0,0,0,0,0,0,0,0,1,0,0
782,Enzo Missio,2026-07-17,2,2,0,0,0,0,0,0,1,0,2,0,0
387,Jordon Eggleston,2026-07-17,1,1,0,0,0,0,0,0,1,0,1,0,0
523,Abigail Nolasco,2026-07-17,1,0,0,0,0,0,0,0,0,0,0,0,0
565,Cody Guevara,2026-07-17,1,0,0,0,1,0,0,0,0,0,0,0,0
554,Bron Novak,2026-07-17,1,0,0,0,0,0,0,0,1,0,0,0,0
408,Gregory Auguste,2026-07-17,1,0,0,0,0,0,0,0,0,0,0,0,0
334,Hayden Poulter,2026-07-16,1,0,0,0,0,1,0,0,0,0,0,0,0
498,Peter Kovac,2026-07-16,1,0,0,0,0,0,0,0,0,0,0,0,0
260,Gregory Auguste,2026-07-16,2,0,0,0,0,0,0,0,0,0,0,0,0
752,Bron Novak,2026-07-16,1,0,0,0,0,0,0,0,1,0,0,0,0
261,Olivier Auguste,2026-07-16,1,1,1,0,0,0,0,0,0,0,1,0,0
508,Irtaza Hussain,2026-07-16,1,0,0,0,0,0,0,1,1,0,0,0,0
776,Jordon Eggleston,2026-07-16,1,1,0,0,0,0,0,0,1,1,0,0,0
431,Cody Guevara,2026-07-15,1,0,0,0,0,0,0,0,1,0,0,0,0
771,Peter Kovac,2026-07-15,1,1,0,0,0,0,0,0,0,1,0,0,0
243,Jordon Eggleston,2026-07-15,1,1,0,0,0,0,0,0,1,0,0,0,0
294,Mahmoud Toblany,2026-07-15,1,1,0,0,0,0,0,0,0,0,0,0,0
367,Olivier Auguste,2026-07-15,1,0,0,0,0,1,0,0,0,0,0,0,0
68,Om Gaikhe,2026-07-15,1,0,0,0,1,0,0,0,0,0,0,0,0
747,Irtaza Hussain,2026-07-14,1,1,0,0,0,0,0,0,1,0,0,0,0
622,Lucija Bitunjac,2026-07-14,1,1,0,0,0,0,0,0,0,0,0,0,0
131,Enzo Missio,2026-07-14,3,0,0,0,0,1,0,0,0,1,0,0,0
759,Jordon Eggleston,2026-07-14,1,1,0,0,0,0,0,0,0,0,0,0,0
761,Peter Kovac,2026-07-14,3,0,0,1,0,1,0,0,0,0,0,0,0
595,Josh Astle,2026-07-14,2,1,0,0,0,0,0,1,1,0,0,0,0
518,Gregory Auguste,2026-07-14,1,0,0,0,0,0,0,0,0,1,0,0,0
519,Lucija Bitunjac,2026-07-13,1,0,0,0,0,0,0,0,0,0,0,0,0
454,Peter Kovac,2026-07-13,2,1,0,0,0,0,0,0,0,0,1,0,0
728,Irtaza Hussain,2026-07-13,2,0,0,0,0,0,0,0,0,0,0,0,0
216,Gregory Auguste,2026-07-13,1,1,0,0,0,0,1,1,1,0,0,0,0
272,Hayden Poulter,2026-07-13,3,1,0,0,0,0,0,0,0,0,0,0,0
264,Jordon Eggleston,2026-07-12,2,0,0,0,0,0,0,0,0,0,0,0,0
80,Enzo Missio,2026-07-12,1,0,0,0,0,0,0,0,0,0,0,0,0
85,Josh Astle,2026-07-11,2,0,0,0,0,0,0,0,0,0,0,0,0
71,Peter Kovac,2026-07-11,1,0,0,0,0,0,0,0,0,0,0,0,0
481,Jordon Eggleston,2026-07-11,1,0,0,0,0,0,0,0,0,0,0,0,0
147,Enzo Missio,2026-07-10,2,0,0,0,0,0,0,0,0,0,0,0,0
643,Abigail Nolasco,2026-07-10,2,2,0,0,0,0,0,1,1,0,0,1,0
780,PJ Jensen,2026-07-10,1,0,0,0,0,1,0,0,0,0,0,0,0
603,Olivier Auguste,2026-07-10,2,0,0,0,1,0,0,0,0,0,0,0,0
98,Kevin Hu,2026-07-10,1,1,0,0,0,0,0,0,0,0,0,0,0
709,Gregory Auguste,2026-07-10,1,0,0,0,0,0,0,0,1,0,1,0,0
273,Jordon Eggleston,2026-07-10,2,1,0,0,0,0,0,0,1,1,0,0,0
613,Josh Astle,2026-07-10,1,0,0,0,0,0,0,0,0,0,0,0,0
791,Nick Nuaym,2026-07-09,1,1,0,0,0,0,0,0,0,0,0,0,0
715,Gregory Auguste,2026-07-09,1,0,0,0,0,0,0,0,0,0,0,0,0
49,Irtaza Hussain,2026-07-09,1,0,0,0,0,0,0,0,0,0,0,0,0
429,Jordon Eggleston,2026-07-09,1,0,0,0,0,0,0,0,0,0,0,0,0
309,Olivier Auguste,2026-07-09,1,1,0,0,0,0,0,0,0,1,0,0,0
305,Josh Astle,2026-07-09,1,0,1,0,0,0,0,0,0,0,0,0,0
633,PJ Jensen,2026-07-08,4,2,0,0,2,0,0,1,0,0,0,0,0
200,Irtaza Hussain,2026-07-08,1,0,0,0,0,0,0,0,0,0,0,0,0
16,Hayden Poulter,2026-07-08,1,0,0,0,0,0,0,0,0,0,1,0,0
323,Nick Nuaym,2026-07-08,1,1,0,0,0,0,0,0,1,0,0,0,0
407,Kevin Hu,2026-07-08,1,0,0,0,0,0,0,0,0,0,0,0,0
642,Peter Kovac,2026-07-08,1,0,0,0,0,1,0,0,0,0,0,0,0
84,Bron Novak,2026-07-08,1,0,0,0,0,0,0,0,1,0,0,0,0
674,Josh Astle,2026-07-08,1,0,0,0,0,0,0,0,0,0,0,0,0
259,Hayden Poulter,2026-07-07,3,0,0,0,0,1,0,0,0,0,0,0,0
126,Enzo Missio,2026-07-07,1,0,0,0,0,0,0,0,0,0,0,0,0
553,PJ Jensen,2026-07-07,1,1,1,0,0,0,0,0,0,0,1,0,0
542,Jordon Eggleston,2026-07-07,1,0,0,0,0,0,0,0,0,0,0,0,0
409,Abigail Nolasco,2026-07-07,1,1,0,0,0,0,0,0,0,0,0,0,0
694,Abigail Nolasco,2026-07-06,1,0,0,0,0,0,0,0,0,0,0,0,0
482,PJ Jensen,2026-07-06,2,0,1,0,0,0,0,0,2,0,0,0,0
515,Diana Kazumyan,2026-07-06,1,0,0,0,0,0,0,0,0,0,0,0,0
100,Mahmoud Toblany,2026-07-05,1,0,0,0,0,0,0,0,1,0,1,0,0
512,Irtaza Hussain,2026-07-05,1,0,0,0,0,0,0,0,0,0,0,0,0
347,Josh Astle,2026-07-03,1,0,0,0,0,0,1,0,0,0,0,1,0
332,Diana Kazumyan,2026-07-03,1,0,0,0,0,0,0,0,0,0,0,0,0
448,Enzo Missio,2026-07-03,1,1,0,0,0,0,0,1,0,0,0,0,0
207,PJ Jensen,2026-07-03,4,1,0,0,1,0,1,0,1,0,1,0,0
758,Olivier Auguste,2026-07-03,1,1,0,0,0,0,0,0,0,0,0,0,0
290,Irtaza Hussain,2026-07-02,1,1,0,0,0,0,0,0,0,0,0,0,0
529,Gregory Auguste,2026-07-02,2,0,0,0,0,0,0,0,0,0,0,0,0
3,Nick Nuaym,2026-07-01,4,0,0,0,0,0,0,0,0,0,0,0,0
8,Mahmoud Toblany,2026-07-01,6,0,0,0,0,0,0,0,0,0,0,0,0
203,Hayden Poulter,2026-07-01,1,1,0,0,0,0,0,0,0,0,0,0,0
310,PJ Jensen,2026-07-01,1,0,0,0,0,0,0,0,0,0,0,0,0
341,Irtaza Hussain,2026-07-01,2,1,0,0,0,0,0,0,0,0,0,0,0
778,Bret Mavrich,2026-07-01,1,0,0,0,0,0,0,0,0,0,0,0,0
410,Enzo Missio,2026-07-01,1,0,0,0,0,0,0,0,0,0,0,0,0
244,Aidan Small,2026-07-01,1,0,0,0,0,0,0,0,0,0,0,0,0
698,Olivier Auguste,2026-07-01,1,0,0,0,0,0,0,0,0,0,0,0,0
231,Kevin Hu,2026-07-01,2,2,0,0,0,0,0,0,1,1,0,0,0
611,Enzo Missio,2026-06-30,2,1,0,0,0,0,0,1,1,0,0,0,0
533,Diana Kazumyan,2026-06-30,1,0,0,0,0,0,0,0,0,0,0,0,0
547,PJ Jensen,2026-06-30,1,1,1,0,0,0,0,0,0,0,0,0,0
543,Aly Samaha,2026-06-29,4,2,0,0,1,0,0,1,0,0,1,0,0
701,Yash Kantharia,2026-06-29,1,0,0,0,1,0,0,0,0,1,0,0,0
734,PJ Jensen,2026-06-29,2,1,1,0,0,1,0,0,0,0,0,1,0
122,Jordon Eggleston,2026-06-29,1,1,1,0,0,0,0,0,0,0,0,0,0
282,Mahmoud Toblany,2026-06-29,1,0,0,0,0,1,0,0,0,0,0,0,0
487,Mike Miro,2026-06-29,1,0,0,0,1,0,0,0,0,0,0,0,0
175,Kaisher von Wahl,2026-06-29,1,0,0,0,0,0,0,1,0,0,0,0,0
298,Stefan Lojanicic,2026-06-29,1,1,1,0,0,0,0,0,0,1,0,0,0
66,Afnan Saeed,2026-06-29,3,1,0,0,1,1,0,0,0,1,0,0,0
555,Enzo Missio,2026-06-29,3,3,1,0,1,0,0,0,0,1,1,1,0
755,Osaki Pokima,2026-06-29,1,0,0,0,1,0,0,0,0,1,0,0,0
607,Gregory Auguste,2026-06-29,1,1,0,0,1,0,0,1,0,0,0,0,0
664,Irtaza Hussain,2026-06-29,3,3,0,0,0,0,0,1,1,0,0,0,0
354,Thiago Martins,2026-06-29,1,0,0,0,0,1,0,0,0,0,0,0,0
452,Aidan Small,2026-06-29,1,1,0,0,0,0,0,0,0,0,0,0,0
383,Om Gaikhe,2026-06-29,2,0,1,0,1,1,0,0,0,1,0,0,0
152,Christopher Garzon,2026-06-29,7,5,0,0,3,0,0,1,0,0,1,1,0
716,Monica Benish,2026-06-29,2,1,0,0,0,1,0,0,0,1,0,0,0
788,Kevin Hu,2026-06-29,2,2,1,0,0,0,0,0,0,0,0,1,0
31,Hayden Poulter,2026-06-28,4,2,1,0,1,2,0,1,0,0,0,0,0
702,Mahmoud Toblany,2026-06-27,1,1,0,0,0,0,0,0,0,0,0,0,0
274,Josh Astle,2026-06-27,2,1,0,0,0,1,0,0,0,0,0,0,0
790,PJ Jensen,2026-06-25,2,1,0,0,0,1,0,0,0,0,1,0,0
441,Olivier Auguste,2026-06-25,2,1,0,0,0,1,0,0,0,1,0,0,0
628,Enzo Missio,2026-06-25,1,1,0,0,0,0,0,0,0,0,1,0,0
521,Mahmoud Toblany,2026-06-25,1,1,0,0,0,0,0,0,1,0,0,1,0
561,Kevin Hu,2026-06-25,1,0,0,0,0,0,0,0,0,0,1,0,0
315,Jordon Eggleston,2026-06-24,1,0,0,0,0,0,0,0,0,0,0,0,0
661,PJ Jensen,2026-06-23,1,0,0,0,0,0,0,0,0,1,0,0,0
785,PJ Jensen,2026-06-22,1,0,0,0,0,0,0,0,0,0,0,0,0
258,Kendall Wallace,2026-06-21,1,1,0,0,0,0,0,0,1,1,0,0,0
60,Abigail Nolasco,2026-06-20,1,0,0,0,1,0,0,0,0,0,0,0,0
61,Olivier Auguste,2026-06-20,1,0,0,0,0,0,1,0,1,0,1,1,0
486,Jordon Eggleston,2026-06-20,1,0,0,0,0,0,0,0,0,0,0,0,0
650,Irtaza Hussain,2026-06-19,1,0,0,0,0,0,0,0,0,0,0,0,0
799,Josh Astle,2026-06-19,1,0,0,0,0,1,0,0,0,0,0,0,0
589,PJ Jensen,2026-06-19,3,0,0,0,1,2,0,0,1,0,0,0,0
750,Irtaza Hussain,2026-06-18,2,0,0,0,0,0,0,0,0,0,0,0,0
592,Kevin Hu,2026-06-17,3,1,0,0,0,2,0,0,0,0,0,0,0
270,Irtaza Hussain,2026-06-17,2,2,0,0,0,0,0,0,0,0,0,0,0
91,Josh Astle,2026-06-17,1,0,0,0,0,0,0,0,0,0,0,0,0
227,Enzo Missio,2026-06-16,2,0,0,0,0,0,0,1,0,0,0,0,0
291,Abigail Nolasco,2026-06-16,1,0,0,0,1,0,0,0,0,0,0,0,0
630,Peter Kovac,2026-06-16,1,1,0,0,0,0,0,0,0,0,0,0,0
737,PJ Jensen,2026-06-16,1,0,0,0,0,0,0,0,0,0,1,0,0
536,Nick Nuaym,2026-06-15,1,0,0,0,0,0,0,0,0,0,0,0,0
514,Hayden Poulter,2026-06-15,1,1,0,0,1,0,0,0,0,0,0,0,0
78,Olivier Auguste,2026-06-15,1,0,0,0,0,0,0,0,0,1,0,0,0
729,Irtaza Hussain,2026-06-14,2,0,0,0,0,0,0,0,0,0,0,0,0
67,Abigail Nolasco,2026-06-13,1,0,0,0,0,0,0,0,0,0,0,0,0
302,Olivier Auguste,2026-06-11,3,1,0,0,0,0,0,0,1,0,1,1,0
161,Bron Novak,2026-06-09,1,0,0,0,1,0,0,0,1,0,0,0,0
475,Kendall Wallace,2026-06-09,1,0,0,0,0,0,0,0,0,0,0,0,0
351,Peter Kovac,2026-06-05,1,1,0,0,0,0,0,0,0,0,0,0,0
