,DIAL_DATE,SETTER,TOTAL_OUTBOUND_CALLS,TOTAL_LEADS_TOUCHED,OUTBOUND_SET,TOTAL_CLOSER_SHOW,TOTAL_OFFER,TOTAL_SALE,DIAL_TO_SET_RATE,SET_TO_SHOW_RATE,SHOW_TO_SALE_RATE,TOTAL_REVENUE,AVERAGE_ORDER_VALUE
42,2026-10-03,,4,4,2,0,0,0,50,0,,0,
30,2026-10-02,,6,6,2,0,0,0,33.3,0,,0,
38,2026-10-01,,16,15,8,4,0,0,50,50,0,0,
67,2026-09-30,,9,9,5,4,1,0,55.6,80,0,0,
26,2026-09-29,,8,8,3,3,2,0,37.5,100,0,0,
36,2026-09-28,,11,11,8,4,3,0,72.7,50,0,0,
69,2026-09-27,,1,1,1,0,0,0,100,0,,0,
65,2026-09-26,,2,2,1,0,0,0,50,0,,0,
85,2026-09-25,,7,7,6,4,3,0,85.7,66.7,0,0,
51,2026-09-24,,5,5,3,2,1,0,60,66.7,0,0,
105,2026-09-23,,14,14,11,2,1,0,78.6,18.2,0,0,
117,2026-09-22,,10,10,7,5,2,0,70,71.4,0,0,
48,2026-09-21,,10,10,8,2,1,0,80,25,0,0,
86,2026-09-20,,3,3,3,1,0,0,100,33.3,0,0,
95,2026-09-19,,6,6,2,2,2,0,33.3,100,0,0,
115,2026-09-18,,14,13,12,7,0,0,85.7,58.3,0,0,
108,2026-09-17,,11,11,9,3,0,0,81.8,33.3,0,0,
74,2026-09-16,,18,18,12,7,6,0,66.7,58.3,0,0,
75,2026-09-15,,13,13,10,8,5,0,76.9,80,0,0,
64,2026-09-14,,15,15,13,7,5,0,86.7,53.8,0,0,
40,2026-09-13,,7,7,5,2,0,0,71.4,40,0,0,
89,2026-09-12,,13,13,9,3,0,0,69.2,33.3,0,0,
97,2026-09-11,,25,24,17,10,6,0,68,58.8,0,0,
7,2026-09-10,,15,15,7,4,1,0,46.7,57.1,0,0,
47,2026-09-09,,18,18,11,6,2,0,61.1,54.5,0,0,
27,2026-09-08,,20,20,12,7,4,0,60,58.3,0,0,
37,2026-09-07,,9,9,4,3,1,0,44.4,75,0,0,
103,2026-09-06,,4,4,2,1,1,0,50,50,0,0,
23,2026-09-05,,10,10,6,3,1,0,60,50,0,0,
60,2026-09-04,,22,22,18,9,3,0,81.8,50,0,0,
106,2026-09-03,,22,21,18,10,6,0,81.8,55.6,0,0,
46,2026-09-02,,16,16,12,9,5,0,75,75,0,0,
24,2026-09-01,,16,15,6,5,3,0,37.5,83.3,0,0,
11,2026-08-31,,18,18,11,6,4,0,61.1,54.5,0,0,
57,2026-08-30,,6,6,2,2,1,0,33.3,100,0,0,
114,2026-08-29,,9,9,8,4,4,0,88.9,50,0,0,
13,2026-08-28,,18,18,13,10,7,0,72.2,76.9,0,0,
17,2026-08-27,,27,27,14,9,6,1,51.9,64.3,11.1,7000,7000
12,2026-08-26,,18,18,12,5,2,0,66.7,41.7,0,0,
98,2026-08-25,,15,15,7,3,2,0,46.7,42.9,0,0,
63,2026-08-24,,16,16,11,5,3,1,68.8,45.5,20,22500,22500
112,2026-08-23,,4,4,1,0,0,0,25,0,,0,
81,2026-08-22,,8,8,2,2,1,0,25,100,0,0,
72,2026-08-21,,28,26,21,16,13,0,75,76.2,0,0,
10,2026-08-20,,23,22,16,7,3,2,69.6,43.8,28.6,9437,4718.5
79,2026-08-19,,38,36,16,8,5,0,42.1,50,0,0,
61,2026-08-18,,42,40,30,14,11,0,71.4,46.7,0,0,
55,2026-08-17,,23,22,16,12,9,1,69.6,75,8.3,12000,12000
34,2026-08-16,,12,12,8,4,3,0,66.7,50,0,0,
35,2026-08-15,,17,17,13,2,2,0,76.5,15.4,0,0,
45,2026-08-14,,11,11,9,4,3,0,81.8,44.4,0,0,
110,2026-08-13,,25,25,11,8,5,1,44,72.7,12.5,21000,21000
113,2026-08-12,,26,26,20,10,9,0,76.9,50,0,0,
16,2026-08-11,,22,22,12,11,10,2,54.5,91.7,18.2,14000,7000
107,2026-08-10,,24,23,10,4,3,0,41.7,40,0,0,
0,2026-08-09,,6,6,1,1,0,0,16.7,100,0,0,
2,2026-08-08,,17,16,8,6,5,0,47.1,75,0,0,
93,2026-08-07,,25,23,14,9,7,0,56,64.3,0,0,
90,2026-08-06,,21,21,11,5,3,0,52.4,45.5,0,0,
58,2026-08-05,,26,25,15,7,5,0,57.7,46.7,0,0,
82,2026-08-04,,33,32,19,11,10,2,57.6,57.9,18.2,32000,16000
6,2026-08-03,,35,33,15,11,9,1,42.9,73.3,9.1,6000,6000
62,2026-08-02,,8,8,4,2,2,1,50,50,50,7000,7000
88,2026-08-01,,13,13,3,2,2,0,23.1,66.7,0,0,
91,2026-07-31,,14,14,7,5,3,0,50,71.4,0,0,
39,2026-07-30,,18,18,9,4,3,0,50,44.4,0,0,
71,2026-07-29,,19,19,8,5,3,0,42.1,62.5,0,0,
3,2026-07-28,,18,17,13,10,6,2,72.2,76.9,20,30000,15000
18,2026-07-27,,20,19,8,5,4,0,40,62.5,0,0,
80,2026-07-26,,2,2,1,0,0,0,50,0,,0,
31,2026-07-25,,10,10,6,5,3,0,60,83.3,0,0,
87,2026-07-24,,18,17,10,6,5,1,55.6,60,16.7,20000,20000
21,2026-07-23,,15,15,11,6,3,1,73.3,54.5,16.7,20500,20500
111,2026-07-22,,16,16,8,6,5,0,50,75,0,0,
28,2026-07-21,,10,10,2,1,1,0,20,50,0,0,
92,2026-07-20,,8,8,4,3,1,0,50,75,0,0,
68,2026-07-19,,2,2,1,0,0,0,50,0,,0,
77,2026-07-18,,12,12,4,3,2,0,33.3,75,0,0,
43,2026-07-17,,9,9,3,2,1,0,33.3,66.7,0,0,
94,2026-07-16,,15,15,6,4,3,0,40,66.7,0,0,
33,2026-07-15,,19,19,5,3,2,0,26.3,60,0,0,
1,2026-07-14,,11,11,5,4,3,1,45.5,80,25,25000,25000
109,2026-07-13,,11,11,6,4,3,0,54.5,66.7,0,0,
15,2026-07-12,,4,4,2,2,1,0,50,100,0,0,
66,2026-07-11,,4,4,3,2,1,0,75,66.7,0,0,
14,2026-07-10,,14,14,3,0,0,0,21.4,0,,0,
76,2026-07-09,,15,15,7,5,5,0,46.7,71.4,0,0,
59,2026-07-08,,11,11,3,3,3,0,27.3,100,0,0,
100,2026-07-07,,15,15,4,4,2,1,26.7,100,25,22500,22500
5,2026-07-06,,14,14,2,2,2,0,14.3,100,0,0,
52,2026-07-05,,4,4,1,1,1,0,25,100,0,0,
84,2026-07-04,,4,4,3,1,1,0,75,33.3,0,0,
4,2026-07-03,,8,8,3,1,1,0,37.5,33.3,0,0,
99,2026-07-02,,12,12,4,2,2,0,33.3,50,0,0,
8,2026-07-01,,11,11,4,1,1,0,36.4,25,0,0,
25,2026-06-30,,16,16,1,1,1,0,6.3,100,0,0,
102,2026-06-29,,6,5,3,2,2,0,50,66.7,0,0,
41,2026-06-28,,2,2,1,1,1,1,50,100,100,22000,22000
83,2026-06-27,,4,3,1,1,1,0,25,100,0,0,
116,2026-06-26,,6,6,1,0,0,0,16.7,0,,0,
32,2026-06-25,,7,7,4,3,3,1,57.1,75,33.3,13000,13000
44,2026-06-24,,6,6,2,1,1,0,33.3,50,0,0,
49,2026-06-23,,10,10,2,2,2,0,20,100,0,0,
29,2026-06-22,,6,6,0,0,0,0,0,,,0,
50,2026-06-20,,6,6,1,0,0,0,16.7,0,,0,
19,2026-06-19,,5,5,0,0,0,0,0,,,0,
96,2026-06-18,,6,6,3,2,2,1,50,66.7,50,20000,20000
20,2026-06-17,,4,4,2,2,1,0,50,100,0,0,
104,2026-06-16,,2,2,2,2,1,0,100,100,0,0,
56,2026-06-15,,6,6,1,1,1,0,16.7,100,0,0,
78,2026-06-14,,6,6,3,1,1,0,50,33.3,0,0,
101,2026-06-13,,1,1,0,0,0,0,0,,,0,
73,2026-06-12,,3,3,1,1,1,0,33.3,100,0,0,
118,2026-06-11,,9,8,1,0,0,0,11.1,0,,0,
54,2026-06-10,,1,1,0,0,0,0,0,,,0,
70,2026-06-09,,3,3,2,0,0,0,66.7,0,,0,
22,2026-06-08,,2,2,0,0,0,0,0,,,0,
53,2026-06-02,,2,2,0,0,0,0,0,,,0,
9,2026-06-01,,1,1,1,0,0,0,100,0,,0,
